[1mApache Maven 3.6.3[m
Maven home: /usr/share/maven
Java version: 17.0.16, vendor: Ubuntu, runtime: /usr/lib/jvm/java-17-openjdk-amd64
Default locale: es_CO, platform encoding: UTF-8
OS name: "linux", version: "6.8.0-64-generic", arch: "amd64", family: "unix"
[[1;36mDEBUG[m] Created new class realm maven.api
[[1;36mDEBUG[m] Importing foreign packages into class realm maven.api
[[1;36mDEBUG[m]   Imported: javax.annotation.* < plexus.core
[[1;36mDEBUG[m]   Imported: javax.annotation.security.* < plexus.core
[[1;36mDEBUG[m]   Imported: javax.enterprise.inject.* < plexus.core
[[1;36mDEBUG[m]   Imported: javax.enterprise.util.* < plexus.core
[[1;36mDEBUG[m]   Imported: javax.inject.* < plexus.core
[[1;36mDEBUG[m]   Imported: org.apache.maven.* < plexus.core
[[1;36mDEBUG[m]   Imported: org.apache.maven.artifact < plexus.core
[[1;36mDEBUG[m]   Imported: org.apache.maven.classrealm < plexus.core
[[1;36mDEBUG[m]   Imported: org.apache.maven.cli < plexus.core
[[1;36mDEBUG[m]   Imported: org.apache.maven.configuration < plexus.core
[[1;36mDEBUG[m]   Imported: org.apache.maven.exception < plexus.core
[[1;36mDEBUG[m]   Imported: org.apache.maven.execution < plexus.core
[[1;36mDEBUG[m]   Imported: org.apache.maven.execution.scope < plexus.core
[[1;36mDEBUG[m]   Imported: org.apache.maven.lifecycle < plexus.core
[[1;36mDEBUG[m]   Imported: org.apache.maven.model < plexus.core
[[1;36mDEBUG[m]   Imported: org.apache.maven.monitor < plexus.core
[[1;36mDEBUG[m]   Imported: org.apache.maven.plugin < plexus.core
[[1;36mDEBUG[m]   Imported: org.apache.maven.profiles < plexus.core
[[1;36mDEBUG[m]   Imported: org.apache.maven.project < plexus.core
[[1;36mDEBUG[m]   Imported: org.apache.maven.reporting < plexus.core
[[1;36mDEBUG[m]   Imported: org.apache.maven.repository < plexus.core
[[1;36mDEBUG[m]   Imported: org.apache.maven.rtinfo < plexus.core
[[1;36mDEBUG[m]   Imported: org.apache.maven.settings < plexus.core
[[1;36mDEBUG[m]   Imported: org.apache.maven.toolchain < plexus.core
[[1;36mDEBUG[m]   Imported: org.apache.maven.usability < plexus.core
[[1;36mDEBUG[m]   Imported: org.apache.maven.wagon.* < plexus.core
[[1;36mDEBUG[m]   Imported: org.apache.maven.wagon.authentication < plexus.core
[[1;36mDEBUG[m]   Imported: org.apache.maven.wagon.authorization < plexus.core
[[1;36mDEBUG[m]   Imported: org.apache.maven.wagon.events < plexus.core
[[1;36mDEBUG[m]   Imported: org.apache.maven.wagon.observers < plexus.core
[[1;36mDEBUG[m]   Imported: org.apache.maven.wagon.proxy < plexus.core
[[1;36mDEBUG[m]   Imported: org.apache.maven.wagon.repository < plexus.core
[[1;36mDEBUG[m]   Imported: org.apache.maven.wagon.resource < plexus.core
[[1;36mDEBUG[m]   Imported: org.codehaus.classworlds < plexus.core
[[1;36mDEBUG[m]   Imported: org.codehaus.plexus.* < plexus.core
[[1;36mDEBUG[m]   Imported: org.codehaus.plexus.classworlds < plexus.core
[[1;36mDEBUG[m]   Imported: org.codehaus.plexus.component < plexus.core
[[1;36mDEBUG[m]   Imported: org.codehaus.plexus.configuration < plexus.core
[[1;36mDEBUG[m]   Imported: org.codehaus.plexus.container < plexus.core
[[1;36mDEBUG[m]   Imported: org.codehaus.plexus.context < plexus.core
[[1;36mDEBUG[m]   Imported: org.codehaus.plexus.lifecycle < plexus.core
[[1;36mDEBUG[m]   Imported: org.codehaus.plexus.logging < plexus.core
[[1;36mDEBUG[m]   Imported: org.codehaus.plexus.personality < plexus.core
[[1;36mDEBUG[m]   Imported: org.codehaus.plexus.util.xml.Xpp3Dom < plexus.core
[[1;36mDEBUG[m]   Imported: org.codehaus.plexus.util.xml.pull.XmlPullParser < plexus.core
[[1;36mDEBUG[m]   Imported: org.codehaus.plexus.util.xml.pull.XmlPullParserException < plexus.core
[[1;36mDEBUG[m]   Imported: org.codehaus.plexus.util.xml.pull.XmlSerializer < plexus.core
[[1;36mDEBUG[m]   Imported: org.eclipse.aether.* < plexus.core
[[1;36mDEBUG[m]   Imported: org.eclipse.aether.artifact < plexus.core
[[1;36mDEBUG[m]   Imported: org.eclipse.aether.collection < plexus.core
[[1;36mDEBUG[m]   Imported: org.eclipse.aether.deployment < plexus.core
[[1;36mDEBUG[m]   Imported: org.eclipse.aether.graph < plexus.core
[[1;36mDEBUG[m]   Imported: org.eclipse.aether.impl < plexus.core
[[1;36mDEBUG[m]   Imported: org.eclipse.aether.installation < plexus.core
[[1;36mDEBUG[m]   Imported: org.eclipse.aether.internal.impl < plexus.core
[[1;36mDEBUG[m]   Imported: org.eclipse.aether.metadata < plexus.core
[[1;36mDEBUG[m]   Imported: org.eclipse.aether.repository < plexus.core
[[1;36mDEBUG[m]   Imported: org.eclipse.aether.resolution < plexus.core
[[1;36mDEBUG[m]   Imported: org.eclipse.aether.spi < plexus.core
[[1;36mDEBUG[m]   Imported: org.eclipse.aether.transfer < plexus.core
[[1;36mDEBUG[m]   Imported: org.eclipse.aether.version < plexus.core
[[1;36mDEBUG[m]   Imported: org.fusesource.jansi.* < plexus.core
[[1;36mDEBUG[m]   Imported: org.slf4j.* < plexus.core
[[1;36mDEBUG[m]   Imported: org.slf4j.event.* < plexus.core
[[1;36mDEBUG[m]   Imported: org.slf4j.helpers.* < plexus.core
[[1;36mDEBUG[m]   Imported: org.slf4j.spi.* < plexus.core
[[1;36mDEBUG[m] Populating class realm maven.api
[[1;34mINFO[m] Error stacktraces are turned on.
[[1;36mDEBUG[m] Message scheme: color
[[1;36mDEBUG[m] Message styles: [1;36mdebug[m [1;34minfo[m [1;33mwarning[m [1;31merror[m [1;32msuccess[m [1;31mfailure[m [1mstrong[m [32mmojo[m [36mproject[m
[[1;36mDEBUG[m] Reading global settings from /usr/share/maven/conf/settings.xml
[[1;36mDEBUG[m] Reading user settings from /home/luiggi/.m2/settings.xml
[[1;36mDEBUG[m] Reading global toolchains from /usr/share/maven/conf/toolchains.xml
[[1;36mDEBUG[m] Reading user toolchains from /home/luiggi/.m2/toolchains.xml
[[1;36mDEBUG[m] Using local repository at /home/luiggi/.m2/repository
[[1;36mDEBUG[m] Using manager EnhancedLocalRepositoryManager with priority 10.0 for /home/luiggi/.m2/repository
[[1;34mINFO[m] Scanning for projects...
[[1;36mDEBUG[m] Extension realms for project com.jcaa.hexagonal:tutorias-hexagonal:jar:0.0.1-SNAPSHOT: (none)
[[1;36mDEBUG[m] Looking up lifecycle mappings for packaging jar from ClassRealm[plexus.core, parent: null]
[[1;36mDEBUG[m] Resolving plugin prefix spring-boot from [org.apache.maven.plugins, org.codehaus.mojo]
[[1;36mDEBUG[m] Resolved plugin prefix spring-boot to org.springframework.boot:spring-boot-maven-plugin from POM com.jcaa.hexagonal:tutorias-hexagonal:jar:0.0.1-SNAPSHOT
[[1;36mDEBUG[m] === REACTOR BUILD PLAN ================================================
[[1;36mDEBUG[m] Project: com.jcaa.hexagonal:tutorias-hexagonal:jar:0.0.1-SNAPSHOT
[[1;36mDEBUG[m] Tasks:   [spring-boot:run]
[[1;36mDEBUG[m] Style:   Regular
[[1;36mDEBUG[m] =======================================================================
[[1;34mINFO[m] 
[[1;34mINFO[m] [1m---------------< [0;36mcom.jcaa.hexagonal:tutorias-hexagonal[0;1m >----------------[m
[[1;34mINFO[m] [1mBuilding tutorias-hexagonal 0.0.1-SNAPSHOT[m
[[1;34mINFO[m] [1m--------------------------------[ jar ]---------------------------------[m
[[1;36mDEBUG[m] Resolving plugin prefix spring-boot from [org.apache.maven.plugins, org.codehaus.mojo]
[[1;36mDEBUG[m] Resolved plugin prefix spring-boot to org.springframework.boot:spring-boot-maven-plugin from POM com.jcaa.hexagonal:tutorias-hexagonal:jar:0.0.1-SNAPSHOT
[[1;36mDEBUG[m] Lifecycle default -> [validate, initialize, generate-sources, process-sources, generate-resources, process-resources, compile, process-classes, generate-test-sources, process-test-sources, generate-test-resources, process-test-resources, test-compile, process-test-classes, test, prepare-package, package, pre-integration-test, integration-test, post-integration-test, verify, install, deploy]
[[1;36mDEBUG[m] Lifecycle clean -> [pre-clean, clean, post-clean]
[[1;36mDEBUG[m] Lifecycle site -> [pre-site, site, post-site, site-deploy]
[[1;36mDEBUG[m] Lifecycle default -> [validate, initialize, generate-sources, process-sources, generate-resources, process-resources, compile, process-classes, generate-test-sources, process-test-sources, generate-test-resources, process-test-resources, test-compile, process-test-classes, test, prepare-package, package, pre-integration-test, integration-test, post-integration-test, verify, install, deploy]
[[1;36mDEBUG[m] Lifecycle clean -> [pre-clean, clean, post-clean]
[[1;36mDEBUG[m] Lifecycle site -> [pre-site, site, post-site, site-deploy]
[[1;36mDEBUG[m] === PROJECT BUILD PLAN ================================================
[[1;36mDEBUG[m] Project:       com.jcaa.hexagonal:tutorias-hexagonal:0.0.1-SNAPSHOT
[[1;36mDEBUG[m] Dependencies (collect): []
[[1;36mDEBUG[m] Dependencies (resolve): [test]
[[1;36mDEBUG[m] Repositories (dependencies): [central (https://repo.maven.apache.org/maven2, default, releases)]
[[1;36mDEBUG[m] Repositories (plugins)     : [central (https://repo.maven.apache.org/maven2, default, releases)]
[[1;36mDEBUG[m] --- init fork of com.jcaa.hexagonal:tutorias-hexagonal:0.0.1-SNAPSHOT for org.springframework.boot:spring-boot-maven-plugin:3.1.4:run (default-cli) ---
[[1;36mDEBUG[m] Dependencies (collect): []
[[1;36mDEBUG[m] Dependencies (resolve): [compile, test]
[[1;36mDEBUG[m] -----------------------------------------------------------------------
[[1;36mDEBUG[m] Goal:          org.apache.maven.plugins:maven-resources-plugin:2.6:resources (default-resources)
[[1;36mDEBUG[m] Style:         Regular
[[1;36mDEBUG[m] Configuration: <?xml version="1.0" encoding="UTF-8"?>
<configuration>
  <buildFilters default-value="${project.build.filters}"/>
  <encoding default-value="${project.build.sourceEncoding}">${encoding}</encoding>
  <escapeString>${maven.resources.escapeString}</escapeString>
  <escapeWindowsPaths default-value="true">${maven.resources.escapeWindowsPaths}</escapeWindowsPaths>
  <includeEmptyDirs default-value="false">${maven.resources.includeEmptyDirs}</includeEmptyDirs>
  <outputDirectory default-value="${project.build.outputDirectory}"/>
  <overwrite default-value="false">${maven.resources.overwrite}</overwrite>
  <project default-value="${project}"/>
  <resources default-value="${project.resources}"/>
  <session default-value="${session}"/>
  <supportMultiLineFiltering default-value="false">${maven.resources.supportMultiLineFiltering}</supportMultiLineFiltering>
  <useBuildFilters default-value="true"/>
  <useDefaultDelimiters default-value="true"/>
</configuration>
[[1;36mDEBUG[m] -----------------------------------------------------------------------
[[1;36mDEBUG[m] Goal:          org.apache.maven.plugins:maven-compiler-plugin:3.10.1:compile (default-compile)
[[1;36mDEBUG[m] Style:         Regular
[[1;36mDEBUG[m] Configuration: <?xml version="1.0" encoding="UTF-8"?>
<configuration>
  <basedir default-value="${basedir}"/>
  <buildDirectory default-value="${project.build.directory}"/>
  <compilePath default-value="${project.compileClasspathElements}"/>
  <compileSourceRoots default-value="${project.compileSourceRoots}"/>
  <compilerId default-value="javac">${maven.compiler.compilerId}</compilerId>
  <compilerReuseStrategy default-value="${reuseCreated}">${maven.compiler.compilerReuseStrategy}</compilerReuseStrategy>
  <compilerVersion>${maven.compiler.compilerVersion}</compilerVersion>
  <createMissingPackageInfoClass default-value="true">${maven.compiler.createMissingPackageInfoClass}</createMissingPackageInfoClass>
  <debug default-value="true">${maven.compiler.debug}</debug>
  <debugFileName default-value="javac"/>
  <debuglevel>${maven.compiler.debuglevel}</debuglevel>
  <enablePreview default-value="false">${maven.compiler.enablePreview}</enablePreview>
  <encoding default-value="${project.build.sourceEncoding}">${encoding}</encoding>
  <executable>${maven.compiler.executable}</executable>
  <failOnError default-value="true">${maven.compiler.failOnError}</failOnError>
  <failOnWarning default-value="false">${maven.compiler.failOnWarning}</failOnWarning>
  <forceJavacCompilerUse default-value="false">${maven.compiler.forceJavacCompilerUse}</forceJavacCompilerUse>
  <fork default-value="false">${maven.compiler.fork}</fork>
  <generatedSourcesDirectory default-value="${project.build.directory}/generated-sources/annotations"/>
  <maxmem>${maven.compiler.maxmem}</maxmem>
  <meminitial>${maven.compiler.meminitial}</meminitial>
  <mojoExecution default-value="${mojoExecution}"/>
  <optimize default-value="false">${maven.compiler.optimize}</optimize>
  <outputDirectory default-value="${project.build.outputDirectory}"/>
  <parameters default-value="false">${maven.compiler.parameters}</parameters>
  <project default-value="${project}"/>
  <projectArtifact default-value="${project.artifact}"/>
  <release>${maven.compiler.release}</release>
  <session default-value="${session}"/>
  <showDeprecation default-value="false">${maven.compiler.showDeprecation}</showDeprecation>
  <showWarnings default-value="false">${maven.compiler.showWarnings}</showWarnings>
  <skipMain>${maven.main.skip}</skipMain>
  <skipMultiThreadWarning default-value="false">${maven.compiler.skipMultiThreadWarning}</skipMultiThreadWarning>
  <source default-value="1.7">17</source>
  <staleMillis default-value="0">${lastModGranularityMs}</staleMillis>
  <target default-value="1.7">17</target>
  <useIncrementalCompilation default-value="true">${maven.compiler.useIncrementalCompilation}</useIncrementalCompilation>
  <verbose default-value="false">${maven.compiler.verbose}</verbose>
</configuration>
[[1;36mDEBUG[m] -----------------------------------------------------------------------
[[1;36mDEBUG[m] Goal:          org.apache.maven.plugins:maven-resources-plugin:2.6:testResources (default-testResources)
[[1;36mDEBUG[m] Style:         Regular
[[1;36mDEBUG[m] Configuration: <?xml version="1.0" encoding="UTF-8"?>
<configuration>
  <buildFilters default-value="${project.build.filters}"/>
  <encoding default-value="${project.build.sourceEncoding}">${encoding}</encoding>
  <escapeString>${maven.resources.escapeString}</escapeString>
  <escapeWindowsPaths default-value="true">${maven.resources.escapeWindowsPaths}</escapeWindowsPaths>
  <includeEmptyDirs default-value="false">${maven.resources.includeEmptyDirs}</includeEmptyDirs>
  <outputDirectory default-value="${project.build.testOutputDirectory}"/>
  <overwrite default-value="false">${maven.resources.overwrite}</overwrite>
  <project default-value="${project}"/>
  <resources default-value="${project.testResources}"/>
  <session default-value="${session}"/>
  <skip>${maven.test.skip}</skip>
  <supportMultiLineFiltering default-value="false">${maven.resources.supportMultiLineFiltering}</supportMultiLineFiltering>
  <useBuildFilters default-value="true"/>
  <useDefaultDelimiters default-value="true"/>
</configuration>
[[1;36mDEBUG[m] -----------------------------------------------------------------------
[[1;36mDEBUG[m] Goal:          org.apache.maven.plugins:maven-compiler-plugin:3.10.1:testCompile (default-testCompile)
[[1;36mDEBUG[m] Style:         Regular
[[1;36mDEBUG[m] Configuration: <?xml version="1.0" encoding="UTF-8"?>
<configuration>
  <basedir default-value="${basedir}"/>
  <buildDirectory default-value="${project.build.directory}"/>
  <compileSourceRoots default-value="${project.testCompileSourceRoots}"/>
  <compilerId default-value="javac">${maven.compiler.compilerId}</compilerId>
  <compilerReuseStrategy default-value="${reuseCreated}">${maven.compiler.compilerReuseStrategy}</compilerReuseStrategy>
  <compilerVersion>${maven.compiler.compilerVersion}</compilerVersion>
  <createMissingPackageInfoClass default-value="true">${maven.compiler.createMissingPackageInfoClass}</createMissingPackageInfoClass>
  <debug default-value="true">${maven.compiler.debug}</debug>
  <debugFileName default-value="javac-test"/>
  <debuglevel>${maven.compiler.debuglevel}</debuglevel>
  <enablePreview default-value="false">${maven.compiler.enablePreview}</enablePreview>
  <encoding default-value="${project.build.sourceEncoding}">${encoding}</encoding>
  <executable>${maven.compiler.executable}</executable>
  <failOnError default-value="true">${maven.compiler.failOnError}</failOnError>
  <failOnWarning default-value="false">${maven.compiler.failOnWarning}</failOnWarning>
  <forceJavacCompilerUse default-value="false">${maven.compiler.forceJavacCompilerUse}</forceJavacCompilerUse>
  <fork default-value="false">${maven.compiler.fork}</fork>
  <generatedTestSourcesDirectory default-value="${project.build.directory}/generated-test-sources/test-annotations"/>
  <maxmem>${maven.compiler.maxmem}</maxmem>
  <meminitial>${maven.compiler.meminitial}</meminitial>
  <mojoExecution default-value="${mojoExecution}"/>
  <optimize default-value="false">${maven.compiler.optimize}</optimize>
  <outputDirectory default-value="${project.build.testOutputDirectory}"/>
  <parameters default-value="false">${maven.compiler.parameters}</parameters>
  <project default-value="${project}"/>
  <release>${maven.compiler.release}</release>
  <session default-value="${session}"/>
  <showDeprecation default-value="false">${maven.compiler.showDeprecation}</showDeprecation>
  <showWarnings default-value="false">${maven.compiler.showWarnings}</showWarnings>
  <skip>${maven.test.skip}</skip>
  <skipMultiThreadWarning default-value="false">${maven.compiler.skipMultiThreadWarning}</skipMultiThreadWarning>
  <source default-value="1.7">17</source>
  <staleMillis default-value="0">${lastModGranularityMs}</staleMillis>
  <target default-value="1.7">17</target>
  <testPath default-value="${project.testClasspathElements}"/>
  <testRelease>${maven.compiler.testRelease}</testRelease>
  <testSource>${maven.compiler.testSource}</testSource>
  <testTarget>${maven.compiler.testTarget}</testTarget>
  <useIncrementalCompilation default-value="true">${maven.compiler.useIncrementalCompilation}</useIncrementalCompilation>
  <verbose default-value="false">${maven.compiler.verbose}</verbose>
</configuration>
[[1;36mDEBUG[m] --- exit fork of com.jcaa.hexagonal:tutorias-hexagonal:0.0.1-SNAPSHOT for org.springframework.boot:spring-boot-maven-plugin:3.1.4:run (default-cli) ---
[[1;36mDEBUG[m] -----------------------------------------------------------------------
[[1;36mDEBUG[m] Goal:          org.springframework.boot:spring-boot-maven-plugin:3.1.4:run (default-cli)
[[1;36mDEBUG[m] Style:         Regular
[[1;36mDEBUG[m] Configuration: <?xml version="1.0" encoding="UTF-8"?>
<configuration>
  <addResources default-value="false">${spring-boot.run.addResources}</addResources>
  <agents>${spring-boot.run.agents}</agents>
  <classesDirectory default-value="${project.build.outputDirectory}"/>
  <commandlineArguments>${spring-boot.run.arguments}</commandlineArguments>
  <directories>${spring-boot.run.directories}</directories>
  <excludeGroupIds default-value="">${spring-boot.excludeGroupIds}</excludeGroupIds>
  <excludes>${spring-boot.excludes}</excludes>
  <includes>${spring-boot.includes}</includes>
  <jvmArguments>${spring-boot.run.jvmArguments}</jvmArguments>
  <mainClass>${spring-boot.run.main-class}</mainClass>
  <noverify>${spring-boot.run.noverify}</noverify>
  <optimizedLaunch default-value="true">${spring-boot.run.optimizedLaunch}</optimizedLaunch>
  <profiles>${spring-boot.run.profiles}</profiles>
  <project default-value="${project}"/>
  <session default-value="${session}"/>
  <skip default-value="false">${spring-boot.run.skip}</skip>
  <useTestClasspath default-value="false">${spring-boot.run.useTestClasspath}</useTestClasspath>
  <workingDirectory>${spring-boot.run.workingDirectory}</workingDirectory>
</configuration>
[[1;36mDEBUG[m] =======================================================================
[[1;34mINFO[m] 
[[1;34mINFO[m] [1m>>> [0;32mspring-boot-maven-plugin:3.1.4:run[m [1m(default-cli)[0;1m > [0;1mtest-compile[m @ [36mtutorias-hexagonal[0;1m >>>[m
[[1;36mDEBUG[m] Dependency collection stats: {ConflictMarker.analyzeTime=4642539, ConflictMarker.markTime=1838603, ConflictMarker.nodeCount=214, ConflictIdSorter.graphTime=2802744, ConflictIdSorter.topsortTime=1464805, ConflictIdSorter.conflictIdCount=104, ConflictIdSorter.conflictIdCycleCount=0, ConflictResolver.totalTime=36556162, ConflictResolver.conflictItemCount=208, DefaultDependencyCollector.collectTime=687725827, DefaultDependencyCollector.transformTime=53009495}
[[1;36mDEBUG[m] com.jcaa.hexagonal:tutorias-hexagonal:jar:0.0.1-SNAPSHOT
[[1;36mDEBUG[m]    org.springframework.boot:spring-boot-starter-web:jar:3.1.4:compile
[[1;36mDEBUG[m]       org.springframework.boot:spring-boot-starter:jar:3.1.4:compile (version managed from 3.1.4)
[[1;36mDEBUG[m]          org.springframework.boot:spring-boot:jar:3.1.4:compile (version managed from 3.1.4)
[[1;36mDEBUG[m]          org.springframework.boot:spring-boot-autoconfigure:jar:3.1.4:compile (version managed from 3.1.4)
[[1;36mDEBUG[m]          org.springframework.boot:spring-boot-starter-logging:jar:3.1.4:compile (version managed from 3.1.4)
[[1;36mDEBUG[m]             ch.qos.logback:logback-classic:jar:1.4.11:compile (version managed from 1.4.11)
[[1;36mDEBUG[m]                ch.qos.logback:logback-core:jar:1.4.11:compile (version managed from 1.4.11)
[[1;36mDEBUG[m]             org.apache.logging.log4j:log4j-to-slf4j:jar:2.20.0:compile (version managed from 2.20.0)
[[1;36mDEBUG[m]                org.apache.logging.log4j:log4j-api:jar:2.20.0:compile (version managed from 2.20.0)
[[1;36mDEBUG[m]             org.slf4j:jul-to-slf4j:jar:2.0.9:compile (version managed from 2.0.9)
[[1;36mDEBUG[m]          jakarta.annotation:jakarta.annotation-api:jar:2.1.1:compile (version managed from 2.1.1)
[[1;36mDEBUG[m]          org.yaml:snakeyaml:jar:1.33:compile (version managed from 1.33)
[[1;36mDEBUG[m]       org.springframework.boot:spring-boot-starter-json:jar:3.1.4:compile (version managed from 3.1.4)
[[1;36mDEBUG[m]          com.fasterxml.jackson.datatype:jackson-datatype-jdk8:jar:2.15.2:compile (version managed from 2.15.2)
[[1;36mDEBUG[m]          com.fasterxml.jackson.datatype:jackson-datatype-jsr310:jar:2.15.2:compile (version managed from 2.15.2)
[[1;36mDEBUG[m]          com.fasterxml.jackson.module:jackson-module-parameter-names:jar:2.15.2:compile (version managed from 2.15.2)
[[1;36mDEBUG[m]       org.springframework.boot:spring-boot-starter-tomcat:jar:3.1.4:compile (version managed from 3.1.4)
[[1;36mDEBUG[m]          org.apache.tomcat.embed:tomcat-embed-core:jar:10.1.13:compile (version managed from 10.1.13)
[[1;36mDEBUG[m]          org.apache.tomcat.embed:tomcat-embed-el:jar:10.1.13:compile (version managed from 10.1.13)
[[1;36mDEBUG[m]          org.apache.tomcat.embed:tomcat-embed-websocket:jar:10.1.13:compile (version managed from 10.1.13)
[[1;36mDEBUG[m]       org.springframework:spring-web:jar:6.0.12:compile (version managed from 6.0.12)
[[1;36mDEBUG[m]          org.springframework:spring-beans:jar:6.0.12:compile (version managed from 6.0.12)
[[1;36mDEBUG[m]          io.micrometer:micrometer-observation:jar:1.11.4:compile (version managed from 1.10.11)
[[1;36mDEBUG[m]             io.micrometer:micrometer-commons:jar:1.11.4:compile (version managed from 1.11.4)
[[1;36mDEBUG[m]       org.springframework:spring-webmvc:jar:6.0.12:compile (version managed from 6.0.12)
[[1;36mDEBUG[m]          org.springframework:spring-context:jar:6.0.12:compile (version managed from 6.0.12)
[[1;36mDEBUG[m]          org.springframework:spring-expression:jar:6.0.12:compile (version managed from 6.0.12)
[[1;36mDEBUG[m]    org.springframework.boot:spring-boot-starter-data-jpa:jar:3.1.4:compile
[[1;36mDEBUG[m]       org.springframework.boot:spring-boot-starter-aop:jar:3.1.4:compile (version managed from 3.1.4)
[[1;36mDEBUG[m]          org.aspectj:aspectjweaver:jar:1.9.20:compile (version managed from 1.9.20)
[[1;36mDEBUG[m]       org.springframework.boot:spring-boot-starter-jdbc:jar:3.1.4:compile (version managed from 3.1.4)
[[1;36mDEBUG[m]          com.zaxxer:HikariCP:jar:5.0.1:compile (version managed from 5.0.1)
[[1;36mDEBUG[m]          org.springframework:spring-jdbc:jar:6.0.12:compile (version managed from 6.0.12)
[[1;36mDEBUG[m]       org.hibernate.orm:hibernate-core:jar:6.2.9.Final:compile (version managed from 6.2.9.Final)
[[1;36mDEBUG[m]          jakarta.persistence:jakarta.persistence-api:jar:3.1.0:compile (version managed from 3.1.0)
[[1;36mDEBUG[m]          jakarta.transaction:jakarta.transaction-api:jar:2.0.1:compile (version managed from 2.0.1)
[[1;36mDEBUG[m]          org.jboss.logging:jboss-logging:jar:3.5.3.Final:runtime (version managed from 3.5.0.Final)
[[1;36mDEBUG[m]          org.hibernate.common:hibernate-commons-annotations:jar:6.0.6.Final:runtime
[[1;36mDEBUG[m]          io.smallrye:jandex:jar:3.0.5:runtime
[[1;36mDEBUG[m]          com.fasterxml:classmate:jar:1.5.1:runtime (version managed from 1.5.1)
[[1;36mDEBUG[m]          net.bytebuddy:byte-buddy:jar:1.14.8:runtime (version managed from 1.14.7)
[[1;36mDEBUG[m]          org.glassfish.jaxb:jaxb-runtime:jar:4.0.3:runtime (version managed from 4.0.2)
[[1;36mDEBUG[m]             org.glassfish.jaxb:jaxb-core:jar:4.0.3:runtime (version managed from 4.0.3)
[[1;36mDEBUG[m]                org.eclipse.angus:angus-activation:jar:2.0.1:runtime (version managed from 2.0.1)
[[1;36mDEBUG[m]                org.glassfish.jaxb:txw2:jar:4.0.3:runtime (version managed from 4.0.3)
[[1;36mDEBUG[m]                com.sun.istack:istack-commons-runtime:jar:4.1.2:runtime (version managed from 4.1.2)
[[1;36mDEBUG[m]          jakarta.inject:jakarta.inject-api:jar:2.0.1:runtime
[[1;36mDEBUG[m]          org.antlr:antlr4-runtime:jar:4.10.1:compile
[[1;36mDEBUG[m]       org.springframework.data:spring-data-jpa:jar:3.1.4:compile (version managed from 3.1.4)
[[1;36mDEBUG[m]          org.springframework.data:spring-data-commons:jar:3.1.4:compile (version managed from 3.1.4)
[[1;36mDEBUG[m]          org.springframework:spring-orm:jar:6.0.12:compile (version managed from 6.0.12)
[[1;36mDEBUG[m]          org.springframework:spring-tx:jar:6.0.12:compile (version managed from 6.0.12)
[[1;36mDEBUG[m]          org.slf4j:slf4j-api:jar:2.0.9:compile (version managed from 2.0.2)
[[1;36mDEBUG[m]       org.springframework:spring-aspects:jar:6.0.12:compile (version managed from 6.0.12)
[[1;36mDEBUG[m]    org.springframework.boot:spring-boot-starter-security:jar:3.1.4:compile
[[1;36mDEBUG[m]       org.springframework:spring-aop:jar:6.0.12:compile (version managed from 6.0.12)
[[1;36mDEBUG[m]       org.springframework.security:spring-security-config:jar:6.1.4:compile (version managed from 6.1.4)
[[1;36mDEBUG[m]          org.springframework.security:spring-security-core:jar:6.1.4:compile (version managed from 6.1.4)
[[1;36mDEBUG[m]             org.springframework.security:spring-security-crypto:jar:6.1.4:compile (version managed from 6.1.4)
[[1;36mDEBUG[m]       org.springframework.security:spring-security-web:jar:6.1.4:compile (version managed from 6.1.4)
[[1;36mDEBUG[m]    org.mariadb.jdbc:mariadb-java-client:jar:3.1.4:compile
[[1;36mDEBUG[m]       com.github.waffle:waffle-jna:jar:3.2.0:compile
[[1;36mDEBUG[m]          net.java.dev.jna:jna:jar:5.12.1:compile
[[1;36mDEBUG[m]          net.java.dev.jna:jna-platform:jar:5.12.1:compile
[[1;36mDEBUG[m]          org.slf4j:jcl-over-slf4j:jar:2.0.9:compile (version managed from 1.7.36)
[[1;36mDEBUG[m]          com.github.ben-manes.caffeine:caffeine:jar:3.1.8:compile (version managed from 2.9.3)
[[1;36mDEBUG[m]             com.google.errorprone:error_prone_annotations:jar:2.21.1:compile
[[1;36mDEBUG[m]          org.checkerframework:checker-qual:jar:3.23.0:compile
[[1;36mDEBUG[m]    io.jsonwebtoken:jjwt-api:jar:0.11.5:compile
[[1;36mDEBUG[m]    io.jsonwebtoken:jjwt-impl:jar:0.11.5:runtime
[[1;36mDEBUG[m]    io.jsonwebtoken:jjwt-jackson:jar:0.11.5:runtime
[[1;36mDEBUG[m]       com.fasterxml.jackson.core:jackson-databind:jar:2.15.2:compile (version managed from 2.12.6.1)
[[1;36mDEBUG[m]          com.fasterxml.jackson.core:jackson-annotations:jar:2.15.2:compile (version managed from 2.15.2)
[[1;36mDEBUG[m]          com.fasterxml.jackson.core:jackson-core:jar:2.15.2:compile (version managed from 2.15.2)
[[1;36mDEBUG[m]    jakarta.validation:jakarta.validation-api:jar:3.0.2:compile
[[1;36mDEBUG[m]    org.springframework.boot:spring-boot-starter-test:jar:3.1.4:test
[[1;36mDEBUG[m]       org.springframework.boot:spring-boot-test:jar:3.1.4:test (version managed from 3.1.4)
[[1;36mDEBUG[m]       org.springframework.boot:spring-boot-test-autoconfigure:jar:3.1.4:test (version managed from 3.1.4)
[[1;36mDEBUG[m]       com.jayway.jsonpath:json-path:jar:2.8.0:test (version managed from 2.8.0)
[[1;36mDEBUG[m]       jakarta.xml.bind:jakarta.xml.bind-api:jar:4.0.1:runtime (version managed from 4.0.1)
[[1;36mDEBUG[m]          jakarta.activation:jakarta.activation-api:jar:2.1.2:runtime (version managed from 2.1.2)
[[1;36mDEBUG[m]       net.minidev:json-smart:jar:2.4.11:test (version managed from 2.4.11)
[[1;36mDEBUG[m]          net.minidev:accessors-smart:jar:2.4.11:test
[[1;36mDEBUG[m]             org.ow2.asm:asm:jar:9.3:test
[[1;36mDEBUG[m]       org.assertj:assertj-core:jar:3.24.2:test (version managed from 3.24.2)
[[1;36mDEBUG[m]       org.hamcrest:hamcrest:jar:2.2:test (version managed from 2.2)
[[1;36mDEBUG[m]       org.junit.jupiter:junit-jupiter:jar:5.9.3:test (version managed from 5.9.3)
[[1;36mDEBUG[m]          org.junit.jupiter:junit-jupiter-api:jar:5.9.3:test (version managed from 5.9.3)
[[1;36mDEBUG[m]             org.opentest4j:opentest4j:jar:1.2.0:test
[[1;36mDEBUG[m]             org.junit.platform:junit-platform-commons:jar:1.9.3:test (version managed from 1.9.3)
[[1;36mDEBUG[m]             org.apiguardian:apiguardian-api:jar:1.1.2:test
[[1;36mDEBUG[m]          org.junit.jupiter:junit-jupiter-params:jar:5.9.3:test (version managed from 5.9.3)
[[1;36mDEBUG[m]          org.junit.jupiter:junit-jupiter-engine:jar:5.9.3:test (version managed from 5.9.3)
[[1;36mDEBUG[m]             org.junit.platform:junit-platform-engine:jar:1.9.3:test (version managed from 1.9.3)
[[1;36mDEBUG[m]       org.mockito:mockito-core:jar:5.3.1:test (version managed from 5.3.1)
[[1;36mDEBUG[m]          net.bytebuddy:byte-buddy-agent:jar:1.14.8:test (version managed from 1.14.4)
[[1;36mDEBUG[m]          org.objenesis:objenesis:jar:3.3:test
[[1;36mDEBUG[m]       org.mockito:mockito-junit-jupiter:jar:5.3.1:test (version managed from 5.3.1)
[[1;36mDEBUG[m]       org.skyscreamer:jsonassert:jar:1.5.1:test (version managed from 1.5.1)
[[1;36mDEBUG[m]          com.vaadin.external.google:android-json:jar:0.0.20131108.vaadin1:test
[[1;36mDEBUG[m]       org.springframework:spring-core:jar:6.0.12:compile (version managed from 6.0.12)
[[1;36mDEBUG[m]          org.springframework:spring-jcl:jar:6.0.12:compile (version managed from 6.0.12)
[[1;36mDEBUG[m]       org.springframework:spring-test:jar:6.0.12:test (version managed from 6.0.12)
[[1;36mDEBUG[m]       org.xmlunit:xmlunit-core:jar:2.9.1:test (version managed from 2.9.1)
[[1;34mINFO[m] 
[[1;34mINFO[m] [1m--- [0;32mmaven-resources-plugin:2.6:resources[m [1m(default-resources)[m @ [36mtutorias-hexagonal[0;1m ---[m
[[1;36mDEBUG[m] Dependency collection stats: {ConflictMarker.analyzeTime=379899, ConflictMarker.markTime=167212, ConflictMarker.nodeCount=77, ConflictIdSorter.graphTime=194484, ConflictIdSorter.topsortTime=52608, ConflictIdSorter.conflictIdCount=26, ConflictIdSorter.conflictIdCycleCount=0, ConflictResolver.totalTime=1407128, ConflictResolver.conflictItemCount=74, DefaultDependencyCollector.collectTime=139802825, DefaultDependencyCollector.transformTime=2313250}
[[1;36mDEBUG[m] org.apache.maven.plugins:maven-resources-plugin:jar:2.6
[[1;36mDEBUG[m]    org.apache.maven:maven-plugin-api:jar:2.0.6:compile
[[1;36mDEBUG[m]    org.apache.maven:maven-project:jar:2.0.6:compile
[[1;36mDEBUG[m]       org.apache.maven:maven-profile:jar:2.0.6:compile
[[1;36mDEBUG[m]       org.apache.maven:maven-artifact-manager:jar:2.0.6:compile
[[1;36mDEBUG[m]       org.apache.maven:maven-plugin-registry:jar:2.0.6:compile
[[1;36mDEBUG[m]    org.apache.maven:maven-core:jar:2.0.6:compile
[[1;36mDEBUG[m]       org.apache.maven:maven-plugin-parameter-documenter:jar:2.0.6:compile
[[1;36mDEBUG[m]       org.apache.maven.reporting:maven-reporting-api:jar:2.0.6:compile
[[1;36mDEBUG[m]          org.apache.maven.doxia:doxia-sink-api:jar:1.0-alpha-7:compile
[[1;36mDEBUG[m]       org.apache.maven:maven-repository-metadata:jar:2.0.6:compile
[[1;36mDEBUG[m]       org.apache.maven:maven-error-diagnostics:jar:2.0.6:compile
[[1;36mDEBUG[m]       commons-cli:commons-cli:jar:1.0:compile
[[1;36mDEBUG[m]       org.apache.maven:maven-plugin-descriptor:jar:2.0.6:compile
[[1;36mDEBUG[m]       org.codehaus.plexus:plexus-interactivity-api:jar:1.0-alpha-4:compile
[[1;36mDEBUG[m]       classworlds:classworlds:jar:1.1:compile
[[1;36mDEBUG[m]    org.apache.maven:maven-artifact:jar:2.0.6:compile
[[1;36mDEBUG[m]    org.apache.maven:maven-settings:jar:2.0.6:compile
[[1;36mDEBUG[m]    org.apache.maven:maven-model:jar:2.0.6:compile
[[1;36mDEBUG[m]    org.apache.maven:maven-monitor:jar:2.0.6:compile
[[1;36mDEBUG[m]    org.codehaus.plexus:plexus-container-default:jar:1.0-alpha-9-stable-1:compile
[[1;36mDEBUG[m]       junit:junit:jar:3.8.1:compile
[[1;36mDEBUG[m]    org.codehaus.plexus:plexus-utils:jar:2.0.5:compile
[[1;36mDEBUG[m]    org.apache.maven.shared:maven-filtering:jar:1.1:compile
[[1;36mDEBUG[m]       org.sonatype.plexus:plexus-build-api:jar:0.0.4:compile
[[1;36mDEBUG[m]    org.codehaus.plexus:plexus-interpolation:jar:1.13:compile
[[1;36mDEBUG[m] Created new class realm plugin>org.apache.maven.plugins:maven-resources-plugin:2.6
[[1;36mDEBUG[m] Importing foreign packages into class realm plugin>org.apache.maven.plugins:maven-resources-plugin:2.6
[[1;36mDEBUG[m]   Imported:  < maven.api
[[1;36mDEBUG[m] Populating class realm plugin>org.apache.maven.plugins:maven-resources-plugin:2.6
[[1;36mDEBUG[m]   Included: org.apache.maven.plugins:maven-resources-plugin:jar:2.6
[[1;36mDEBUG[m]   Included: org.apache.maven.reporting:maven-reporting-api:jar:2.0.6
[[1;36mDEBUG[m]   Included: org.apache.maven.doxia:doxia-sink-api:jar:1.0-alpha-7
[[1;36mDEBUG[m]   Included: commons-cli:commons-cli:jar:1.0
[[1;36mDEBUG[m]   Included: org.codehaus.plexus:plexus-interactivity-api:jar:1.0-alpha-4
[[1;36mDEBUG[m]   Included: junit:junit:jar:3.8.1
[[1;36mDEBUG[m]   Included: org.codehaus.plexus:plexus-utils:jar:2.0.5
[[1;36mDEBUG[m]   Included: org.apache.maven.shared:maven-filtering:jar:1.1
[[1;36mDEBUG[m]   Included: org.sonatype.plexus:plexus-build-api:jar:0.0.4
[[1;36mDEBUG[m]   Included: org.codehaus.plexus:plexus-interpolation:jar:1.13
[[1;36mDEBUG[m] Configuring mojo org.apache.maven.plugins:maven-resources-plugin:2.6:resources from plugin realm ClassRealm[plugin>org.apache.maven.plugins:maven-resources-plugin:2.6, parent: jdk.internal.loader.ClassLoaders$AppClassLoader@30946e09]
[[1;36mDEBUG[m] Configuring mojo 'org.apache.maven.plugins:maven-resources-plugin:2.6:resources' with basic configurator -->
[[1;36mDEBUG[m]   (f) buildFilters = []
[[1;36mDEBUG[m]   (f) escapeWindowsPaths = true
[[1;36mDEBUG[m]   (s) includeEmptyDirs = false
[[1;36mDEBUG[m]   (s) outputDirectory = /home/luiggi/tutorias-hexagonal/target/classes
[[1;36mDEBUG[m]   (s) overwrite = false
[[1;36mDEBUG[m]   (f) project = MavenProject: com.jcaa.hexagonal:tutorias-hexagonal:0.0.1-SNAPSHOT @ /home/luiggi/tutorias-hexagonal/pom.xml
[[1;36mDEBUG[m]   (s) resources = [Resource {targetPath: null, filtering: false, FileSet {directory: /home/luiggi/tutorias-hexagonal/src/main/resources, PatternSet [includes: {}, excludes: {}]}}]
[[1;36mDEBUG[m]   (f) session = org.apache.maven.execution.MavenSession@8ff5094
[[1;36mDEBUG[m]   (f) supportMultiLineFiltering = false
[[1;36mDEBUG[m]   (f) useBuildFilters = true
[[1;36mDEBUG[m]   (s) useDefaultDelimiters = true
[[1;36mDEBUG[m] -- end configuration --
[[1;36mDEBUG[m] properties used {env.TERM=xterm-256color, java.specification.version=17, sun.arch.data.model=64, java.vendor.url=https://ubuntu.com/, sun.boot.library.path=/usr/lib/jvm/java-17-openjdk-amd64/lib, sun.java.command=org.codehaus.plexus.classworlds.launcher.Launcher -X spring-boot:run, jdk.debug=release, maven.version=3.6.3, java.specification.vendor=Oracle Corporation, java.version.date=2025-07-15, java.home=/usr/lib/jvm/java-17-openjdk-amd64, java.vm.specification.vendor=Oracle Corporation, java.specification.name=Java Platform API Specification, sun.management.compiler=HotSpot 64-Bit Tiered Compilers, env.XDG_SESSION_PATH=/org/freedesktop/DisplayManager/Session0, java.runtime.version=17.0.16+8-Ubuntu-0ubuntu122.04.1, env.PATH=/usr/local/sbin:/usr/local/bin:/usr/sbin:/usr/bin:/sbin:/bin:/usr/games:/usr/local/games:/snap/bin, env.LS_COLORS=rs=0:di=01;34:ln=01;36:mh=00:pi=40;33:so=01;35:do=01;35:bd=40;33;01:cd=40;33;01:or=40;31;01:mi=00:su=37;41:sg=30;43:ca=30;41:tw=30;42:ow=34;42:st=37;44:ex=01;32:*.tar=01;31:*.tgz=01;31:*.arc=01;31:*.arj=01;31:*.taz=01;31:*.lha=01;31:*.lz4=01;31:*.lzh=01;31:*.lzma=01;31:*.tlz=01;31:*.txz=01;31:*.tzo=01;31:*.t7z=01;31:*.zip=01;31:*.z=01;31:*.dz=01;31:*.gz=01;31:*.lrz=01;31:*.lz=01;31:*.lzo=01;31:*.xz=01;31:*.zst=01;31:*.tzst=01;31:*.bz2=01;31:*.bz=01;31:*.tbz=01;31:*.tbz2=01;31:*.tz=01;31:*.deb=01;31:*.rpm=01;31:*.jar=01;31:*.war=01;31:*.ear=01;31:*.sar=01;31:*.rar=01;31:*.alz=01;31:*.ace=01;31:*.zoo=01;31:*.cpio=01;31:*.7z=01;31:*.rz=01;31:*.cab=01;31:*.wim=01;31:*.swm=01;31:*.dwm=01;31:*.esd=01;31:*.jpg=01;35:*.jpeg=01;35:*.mjpg=01;35:*.mjpeg=01;35:*.gif=01;35:*.bmp=01;35:*.pbm=01;35:*.pgm=01;35:*.ppm=01;35:*.tga=01;35:*.xbm=01;35:*.xpm=01;35:*.tif=01;35:*.tiff=01;35:*.png=01;35:*.svg=01;35:*.svgz=01;35:*.mng=01;35:*.pcx=01;35:*.mov=01;35:*.mpg=01;35:*.mpeg=01;35:*.m2v=01;35:*.mkv=01;35:*.webm=01;35:*.webp=01;35:*.ogm=01;35:*.mp4=01;35:*.m4v=01;35:*.mp4v=01;35:*.vob=01;35:*.qt=01;35:*.nuv=01;35:*.wmv=01;35:*.asf=01;35:*.rm=01;35:*.rmvb=01;35:*.flc=01;35:*.avi=01;35:*.fli=01;35:*.flv=01;35:*.gl=01;35:*.dl=01;35:*.xcf=01;35:*.xwd=01;35:*.yuv=01;35:*.cgm=01;35:*.emf=01;35:*.ogv=01;35:*.ogx=01;35:*.aac=00;36:*.au=00;36:*.flac=00;36:*.m4a=00;36:*.mid=00;36:*.midi=00;36:*.mka=00;36:*.mp3=00;36:*.mpc=00;36:*.ogg=00;36:*.ra=00;36:*.wav=00;36:*.oga=00;36:*.opus=00;36:*.spx=00;36:*.xspf=00;36:, env.XDG_SEAT=seat0, file.encoding=UTF-8, env._=/usr/bin/mvn, env.XDG_SESSION_DESKTOP=xubuntu, env.SHLVL=0, java.io.tmpdir=/tmp, java.version=17.0.16, java.vm.specification.name=Java Virtual Machine Specification, native.encoding=UTF-8, java.library.path=/usr/java/packages/lib:/usr/lib/x86_64-linux-gnu/jni:/lib/x86_64-linux-gnu:/usr/lib/x86_64-linux-gnu:/usr/lib/jni:/lib:/usr/lib, java.vendor=Ubuntu, classworlds.conf=/usr/share/maven/bin/m2.conf, java.specification.maintenance.version=1, sun.io.unicode.encoding=UnicodeLittle, env.XAUTHORITY=/home/luiggi/.Xauthority, env.SESSION_MANAGER=local/luiggi-HP:@/tmp/.ICE-unix/1818,unix/luiggi-HP:/tmp/.ICE-unix/1818, env.LANG=es_CO.UTF-8, env.XDG_DATA_DIRS=/usr/share/xubuntu:/usr/share/xfce4:/home/luiggi/.local/share/flatpak/exports/share:/var/lib/flatpak/exports/share:/usr/local/share:/usr/share:/var/lib/snapd/desktop:/usr/share, java.vm.specification.version=17, os.name=Linux, env.DISPLAY=:0.0, user.home=/home/luiggi, env.GPG_AGENT_INFO=/run/user/1000/gnupg/S.gpg-agent:0:1, env.COLORTERM=truecolor, env.LANGUAGE=es_CO:es, env.DBUS_SESSION_BUS_ADDRESS=unix:path=/run/user/1000/bus, path.separator=:, os.version=6.8.0-64-generic, jjwt.version=0.11.5, java.vm.name=OpenJDK 64-Bit Server VM, env.SHELL=/bin/bash, env.LESSCLOSE=/usr/bin/lesspipe %s %s, env.XDG_SEAT_PATH=/org/freedesktop/DisplayManager/Seat0, env.VTE_VERSION=6800, os.arch=amd64, maven.multiModuleProjectDirectory=/home/luiggi/tutorias-hexagonal, env.GTK3_MODULES=xapp-gtk3-module, env.DESKTOP_SESSION=xubuntu, env.MAVEN_PROJECTBASEDIR=/home/luiggi/tutorias-hexagonal, java.vm.info=mixed mode, sharing, env.USER=luiggi, java.class.version=61.0, sun.jnu.encoding=UTF-8, env.XDG_GREETER_DATA_DIR=/var/lib/lightdm-data/luiggi, maven.build.version=Apache Maven 3.6.3, maven.home=/usr/share/maven, env.GDMSESSION=xubuntu, file.separator=/, java.vm.compressedOopsMode=32-bit, line.separator=
, env.GDM_LANG=es_CO, env.QT_QPA_PLATFORMTHEME=gtk2, env.WINDOWID=117448450, spring.boot.version=3.1.4, user.name=luiggi, env.LOGNAME=luiggi, env.PANEL_GDK_CORE_DEVICE_EVENTS=0, env.XDG_VTNR=7, env.SSH_AUTH_SOCK=/run/user/1000/keyring/ssh, env.XDG_RUNTIME_DIR=/run/user/1000, env.XDG_SESSION_TYPE=x11, library.jansi.path=/usr/share/maven/lib/jansi-native, env.XDG_SESSION_CLASS=user, env.OLDPWD=/home/luiggi/tutorias-hexagonal, env.PWD=/home/luiggi/tutorias-hexagonal, env.LESSOPEN=| /usr/bin/lesspipe %s, env.CLUTTER_BACKEND=x11, java.class.path=/usr/share/maven/boot/plexus-classworlds-2.x.jar, env.HOME=/home/luiggi, java.vm.vendor=Ubuntu, maven.conf=/usr/share/maven/conf, sun.java.launcher=SUN_STANDARD, user.country=CO, env.QT_ACCESSIBILITY=1, sun.cpu.endian=little, user.language=es, env.XDG_MENU_PREFIX=xfce-, env.GTK_OVERLAY_SCROLLING=0, java.runtime.name=OpenJDK Runtime Environment, env.XDG_SESSION_ID=c2, env.MAVEN_CMD_LINE_ARGS= -X spring-boot:run, java.vendor.url.bug=https://bugs.launchpad.net/ubuntu/+source/openjdk-17, env.XDG_CONFIG_DIRS=/etc/xdg/xdg-xubuntu:/etc/xdg:/etc/xdg, user.dir=/home/luiggi/tutorias-hexagonal, env.XDG_CURRENT_DESKTOP=XFCE, java.vm.version=17.0.16+8-Ubuntu-0ubuntu122.04.1}
[[1;33mWARNING[m] Using platform encoding (UTF-8 actually) to copy filtered resources, i.e. build is platform dependent!
[[1;36mDEBUG[m] resource with targetPath null
directory /home/luiggi/tutorias-hexagonal/src/main/resources
excludes []
includes []
[[1;36mDEBUG[m] ignoreDelta true
[[1;34mINFO[m] Copying 1 resource
[[1;36mDEBUG[m] file application.properties has a filtered file extension
[[1;36mDEBUG[m] copy /home/luiggi/tutorias-hexagonal/src/main/resources/application.properties to /home/luiggi/tutorias-hexagonal/target/classes/application.properties
[[1;36mDEBUG[m] no use filter components
[[1;34mINFO[m] 
[[1;34mINFO[m] [1m--- [0;32mmaven-compiler-plugin:3.10.1:compile[m [1m(default-compile)[m @ [36mtutorias-hexagonal[0;1m ---[m
[[1;36mDEBUG[m] Dependency collection stats: {ConflictMarker.analyzeTime=310900, ConflictMarker.markTime=266558, ConflictMarker.nodeCount=17, ConflictIdSorter.graphTime=85039, ConflictIdSorter.topsortTime=61735, ConflictIdSorter.conflictIdCount=12, ConflictIdSorter.conflictIdCycleCount=0, ConflictResolver.totalTime=930889, ConflictResolver.conflictItemCount=17, DefaultDependencyCollector.collectTime=93173154, DefaultDependencyCollector.transformTime=1730441}
[[1;36mDEBUG[m] org.apache.maven.plugins:maven-compiler-plugin:jar:3.10.1
[[1;36mDEBUG[m]    org.apache.maven.shared:maven-shared-utils:jar:3.3.4:compile
[[1;36mDEBUG[m]       commons-io:commons-io:jar:2.6:compile
[[1;36mDEBUG[m]    org.apache.maven.shared:maven-shared-incremental:jar:1.1:compile
[[1;36mDEBUG[m]       org.codehaus.plexus:plexus-component-annotations:jar:2.0.0:compile (version managed from default)
[[1;36mDEBUG[m]    org.codehaus.plexus:plexus-java:jar:1.1.1:compile
[[1;36mDEBUG[m]       org.ow2.asm:asm:jar:9.2:compile
[[1;36mDEBUG[m]       com.thoughtworks.qdox:qdox:jar:2.0.1:compile (version managed from default)
[[1;36mDEBUG[m]    org.codehaus.plexus:plexus-compiler-api:jar:2.11.1:compile
[[1;36mDEBUG[m]       org.codehaus.plexus:plexus-utils:jar:3.4.1:compile
[[1;36mDEBUG[m]    org.codehaus.plexus:plexus-compiler-manager:jar:2.11.1:compile
[[1;36mDEBUG[m]    org.codehaus.plexus:plexus-compiler-javac:jar:2.11.1:runtime
[[1;36mDEBUG[m] Created new class realm plugin>org.apache.maven.plugins:maven-compiler-plugin:3.10.1
[[1;36mDEBUG[m] Importing foreign packages into class realm plugin>org.apache.maven.plugins:maven-compiler-plugin:3.10.1
[[1;36mDEBUG[m]   Imported:  < maven.api
[[1;36mDEBUG[m] Populating class realm plugin>org.apache.maven.plugins:maven-compiler-plugin:3.10.1
[[1;36mDEBUG[m]   Included: org.apache.maven.plugins:maven-compiler-plugin:jar:3.10.1
[[1;36mDEBUG[m]   Included: org.apache.maven.shared:maven-shared-utils:jar:3.3.4
[[1;36mDEBUG[m]   Included: commons-io:commons-io:jar:2.6
[[1;36mDEBUG[m]   Included: org.apache.maven.shared:maven-shared-incremental:jar:1.1
[[1;36mDEBUG[m]   Included: org.codehaus.plexus:plexus-component-annotations:jar:2.0.0
[[1;36mDEBUG[m]   Included: org.codehaus.plexus:plexus-java:jar:1.1.1
[[1;36mDEBUG[m]   Included: org.ow2.asm:asm:jar:9.2
[[1;36mDEBUG[m]   Included: com.thoughtworks.qdox:qdox:jar:2.0.1
[[1;36mDEBUG[m]   Included: org.codehaus.plexus:plexus-compiler-api:jar:2.11.1
[[1;36mDEBUG[m]   Included: org.codehaus.plexus:plexus-utils:jar:3.4.1
[[1;36mDEBUG[m]   Included: org.codehaus.plexus:plexus-compiler-manager:jar:2.11.1
[[1;36mDEBUG[m]   Included: org.codehaus.plexus:plexus-compiler-javac:jar:2.11.1
[[1;36mDEBUG[m] Configuring mojo org.apache.maven.plugins:maven-compiler-plugin:3.10.1:compile from plugin realm ClassRealm[plugin>org.apache.maven.plugins:maven-compiler-plugin:3.10.1, parent: jdk.internal.loader.ClassLoaders$AppClassLoader@30946e09]
[[1;36mDEBUG[m] Configuring mojo 'org.apache.maven.plugins:maven-compiler-plugin:3.10.1:compile' with basic configurator -->
[[1;36mDEBUG[m]   (f) basedir = /home/luiggi/tutorias-hexagonal
[[1;36mDEBUG[m]   (f) buildDirectory = /home/luiggi/tutorias-hexagonal/target
[[1;36mDEBUG[m]   (f) compilePath = [/home/luiggi/tutorias-hexagonal/target/classes, /home/luiggi/.m2/repository/org/springframework/boot/spring-boot-starter-web/3.1.4/spring-boot-starter-web-3.1.4.jar, /home/luiggi/.m2/repository/org/springframework/boot/spring-boot-starter/3.1.4/spring-boot-starter-3.1.4.jar, /home/luiggi/.m2/repository/org/springframework/boot/spring-boot/3.1.4/spring-boot-3.1.4.jar, /home/luiggi/.m2/repository/org/springframework/boot/spring-boot-autoconfigure/3.1.4/spring-boot-autoconfigure-3.1.4.jar, /home/luiggi/.m2/repository/org/springframework/boot/spring-boot-starter-logging/3.1.4/spring-boot-starter-logging-3.1.4.jar, /home/luiggi/.m2/repository/ch/qos/logback/logback-classic/1.4.11/logback-classic-1.4.11.jar, /home/luiggi/.m2/repository/ch/qos/logback/logback-core/1.4.11/logback-core-1.4.11.jar, /home/luiggi/.m2/repository/org/apache/logging/log4j/log4j-to-slf4j/2.20.0/log4j-to-slf4j-2.20.0.jar, /home/luiggi/.m2/repository/org/apache/logging/log4j/log4j-api/2.20.0/log4j-api-2.20.0.jar, /home/luiggi/.m2/repository/org/slf4j/jul-to-slf4j/2.0.9/jul-to-slf4j-2.0.9.jar, /home/luiggi/.m2/repository/jakarta/annotation/jakarta.annotation-api/2.1.1/jakarta.annotation-api-2.1.1.jar, /home/luiggi/.m2/repository/org/yaml/snakeyaml/1.33/snakeyaml-1.33.jar, /home/luiggi/.m2/repository/org/springframework/boot/spring-boot-starter-json/3.1.4/spring-boot-starter-json-3.1.4.jar, /home/luiggi/.m2/repository/com/fasterxml/jackson/datatype/jackson-datatype-jdk8/2.15.2/jackson-datatype-jdk8-2.15.2.jar, /home/luiggi/.m2/repository/com/fasterxml/jackson/datatype/jackson-datatype-jsr310/2.15.2/jackson-datatype-jsr310-2.15.2.jar, /home/luiggi/.m2/repository/com/fasterxml/jackson/module/jackson-module-parameter-names/2.15.2/jackson-module-parameter-names-2.15.2.jar, /home/luiggi/.m2/repository/org/springframework/boot/spring-boot-starter-tomcat/3.1.4/spring-boot-starter-tomcat-3.1.4.jar, /home/luiggi/.m2/repository/org/apache/tomcat/embed/tomcat-embed-core/10.1.13/tomcat-embed-core-10.1.13.jar, /home/luiggi/.m2/repository/org/apache/tomcat/embed/tomcat-embed-el/10.1.13/tomcat-embed-el-10.1.13.jar, /home/luiggi/.m2/repository/org/apache/tomcat/embed/tomcat-embed-websocket/10.1.13/tomcat-embed-websocket-10.1.13.jar, /home/luiggi/.m2/repository/org/springframework/spring-web/6.0.12/spring-web-6.0.12.jar, /home/luiggi/.m2/repository/org/springframework/spring-beans/6.0.12/spring-beans-6.0.12.jar, /home/luiggi/.m2/repository/io/micrometer/micrometer-observation/1.11.4/micrometer-observation-1.11.4.jar, /home/luiggi/.m2/repository/io/micrometer/micrometer-commons/1.11.4/micrometer-commons-1.11.4.jar, /home/luiggi/.m2/repository/org/springframework/spring-webmvc/6.0.12/spring-webmvc-6.0.12.jar, /home/luiggi/.m2/repository/org/springframework/spring-context/6.0.12/spring-context-6.0.12.jar, /home/luiggi/.m2/repository/org/springframework/spring-expression/6.0.12/spring-expression-6.0.12.jar, /home/luiggi/.m2/repository/org/springframework/boot/spring-boot-starter-data-jpa/3.1.4/spring-boot-starter-data-jpa-3.1.4.jar, /home/luiggi/.m2/repository/org/springframework/boot/spring-boot-starter-aop/3.1.4/spring-boot-starter-aop-3.1.4.jar, /home/luiggi/.m2/repository/org/aspectj/aspectjweaver/1.9.20/aspectjweaver-1.9.20.jar, /home/luiggi/.m2/repository/org/springframework/boot/spring-boot-starter-jdbc/3.1.4/spring-boot-starter-jdbc-3.1.4.jar, /home/luiggi/.m2/repository/com/zaxxer/HikariCP/5.0.1/HikariCP-5.0.1.jar, /home/luiggi/.m2/repository/org/springframework/spring-jdbc/6.0.12/spring-jdbc-6.0.12.jar, /home/luiggi/.m2/repository/org/hibernate/orm/hibernate-core/6.2.9.Final/hibernate-core-6.2.9.Final.jar, /home/luiggi/.m2/repository/jakarta/persistence/jakarta.persistence-api/3.1.0/jakarta.persistence-api-3.1.0.jar, /home/luiggi/.m2/repository/jakarta/transaction/jakarta.transaction-api/2.0.1/jakarta.transaction-api-2.0.1.jar, /home/luiggi/.m2/repository/org/antlr/antlr4-runtime/4.10.1/antlr4-runtime-4.10.1.jar, /home/luiggi/.m2/repository/org/springframework/data/spring-data-jpa/3.1.4/spring-data-jpa-3.1.4.jar, /home/luiggi/.m2/repository/org/springframework/data/spring-data-commons/3.1.4/spring-data-commons-3.1.4.jar, /home/luiggi/.m2/repository/org/springframework/spring-orm/6.0.12/spring-orm-6.0.12.jar, /home/luiggi/.m2/repository/org/springframework/spring-tx/6.0.12/spring-tx-6.0.12.jar, /home/luiggi/.m2/repository/org/slf4j/slf4j-api/2.0.9/slf4j-api-2.0.9.jar, /home/luiggi/.m2/repository/org/springframework/spring-aspects/6.0.12/spring-aspects-6.0.12.jar, /home/luiggi/.m2/repository/org/springframework/boot/spring-boot-starter-security/3.1.4/spring-boot-starter-security-3.1.4.jar, /home/luiggi/.m2/repository/org/springframework/spring-aop/6.0.12/spring-aop-6.0.12.jar, /home/luiggi/.m2/repository/org/springframework/security/spring-security-config/6.1.4/spring-security-config-6.1.4.jar, /home/luiggi/.m2/repository/org/springframework/security/spring-security-core/6.1.4/spring-security-core-6.1.4.jar, /home/luiggi/.m2/repository/org/springframework/security/spring-security-crypto/6.1.4/spring-security-crypto-6.1.4.jar, /home/luiggi/.m2/repository/org/springframework/security/spring-security-web/6.1.4/spring-security-web-6.1.4.jar, /home/luiggi/.m2/repository/org/mariadb/jdbc/mariadb-java-client/3.1.4/mariadb-java-client-3.1.4.jar, /home/luiggi/.m2/repository/com/github/waffle/waffle-jna/3.2.0/waffle-jna-3.2.0.jar, /home/luiggi/.m2/repository/net/java/dev/jna/jna/5.12.1/jna-5.12.1.jar, /home/luiggi/.m2/repository/net/java/dev/jna/jna-platform/5.12.1/jna-platform-5.12.1.jar, /home/luiggi/.m2/repository/org/slf4j/jcl-over-slf4j/2.0.9/jcl-over-slf4j-2.0.9.jar, /home/luiggi/.m2/repository/com/github/ben-manes/caffeine/caffeine/3.1.8/caffeine-3.1.8.jar, /home/luiggi/.m2/repository/com/google/errorprone/error_prone_annotations/2.21.1/error_prone_annotations-2.21.1.jar, /home/luiggi/.m2/repository/org/checkerframework/checker-qual/3.23.0/checker-qual-3.23.0.jar, /home/luiggi/.m2/repository/io/jsonwebtoken/jjwt-api/0.11.5/jjwt-api-0.11.5.jar, /home/luiggi/.m2/repository/com/fasterxml/jackson/core/jackson-databind/2.15.2/jackson-databind-2.15.2.jar, /home/luiggi/.m2/repository/com/fasterxml/jackson/core/jackson-annotations/2.15.2/jackson-annotations-2.15.2.jar, /home/luiggi/.m2/repository/com/fasterxml/jackson/core/jackson-core/2.15.2/jackson-core-2.15.2.jar, /home/luiggi/.m2/repository/jakarta/validation/jakarta.validation-api/3.0.2/jakarta.validation-api-3.0.2.jar, /home/luiggi/.m2/repository/org/springframework/spring-core/6.0.12/spring-core-6.0.12.jar, /home/luiggi/.m2/repository/org/springframework/spring-jcl/6.0.12/spring-jcl-6.0.12.jar]
[[1;36mDEBUG[m]   (f) compileSourceRoots = [/home/luiggi/tutorias-hexagonal/src/main/java]
[[1;36mDEBUG[m]   (f) compilerId = javac
[[1;36mDEBUG[m]   (f) createMissingPackageInfoClass = true
[[1;36mDEBUG[m]   (f) debug = true
[[1;36mDEBUG[m]   (f) debugFileName = javac
[[1;36mDEBUG[m]   (f) enablePreview = false
[[1;36mDEBUG[m]   (f) failOnError = true
[[1;36mDEBUG[m]   (f) failOnWarning = false
[[1;36mDEBUG[m]   (f) forceJavacCompilerUse = false
[[1;36mDEBUG[m]   (f) fork = false
[[1;36mDEBUG[m]   (f) generatedSourcesDirectory = /home/luiggi/tutorias-hexagonal/target/generated-sources/annotations
[[1;36mDEBUG[m]   (f) mojoExecution = org.apache.maven.plugins:maven-compiler-plugin:3.10.1:compile {execution: default-compile}
[[1;36mDEBUG[m]   (f) optimize = false
[[1;36mDEBUG[m]   (f) outputDirectory = /home/luiggi/tutorias-hexagonal/target/classes
[[1;36mDEBUG[m]   (f) parameters = false
[[1;36mDEBUG[m]   (f) project = MavenProject: com.jcaa.hexagonal:tutorias-hexagonal:0.0.1-SNAPSHOT @ /home/luiggi/tutorias-hexagonal/pom.xml
[[1;36mDEBUG[m]   (f) projectArtifact = com.jcaa.hexagonal:tutorias-hexagonal:jar:0.0.1-SNAPSHOT
[[1;36mDEBUG[m]   (f) session = org.apache.maven.execution.MavenSession@8ff5094
[[1;36mDEBUG[m]   (f) showDeprecation = false
[[1;36mDEBUG[m]   (f) showWarnings = false
[[1;36mDEBUG[m]   (f) skipMultiThreadWarning = false
[[1;36mDEBUG[m]   (f) source = 17
[[1;36mDEBUG[m]   (f) staleMillis = 0
[[1;36mDEBUG[m]   (s) target = 17
[[1;36mDEBUG[m]   (f) useIncrementalCompilation = true
[[1;36mDEBUG[m]   (f) verbose = false
[[1;36mDEBUG[m] -- end configuration --
[[1;36mDEBUG[m] Using compiler 'javac'.
[[1;36mDEBUG[m] Adding /home/luiggi/tutorias-hexagonal/target/generated-sources/annotations to compile source roots:
  /home/luiggi/tutorias-hexagonal/src/main/java
[[1;36mDEBUG[m] New compile source roots:
  /home/luiggi/tutorias-hexagonal/src/main/java
  /home/luiggi/tutorias-hexagonal/target/generated-sources/annotations
[[1;36mDEBUG[m] CompilerReuseStrategy: reuseCreated
[[1;36mDEBUG[m] useIncrementalCompilation enabled
[[1;34mINFO[m] Nothing to compile - all classes are up to date
[[1;34mINFO[m] 
[[1;34mINFO[m] [1m--- [0;32mmaven-resources-plugin:2.6:testResources[m [1m(default-testResources)[m @ [36mtutorias-hexagonal[0;1m ---[m
[[1;36mDEBUG[m] Configuring mojo org.apache.maven.plugins:maven-resources-plugin:2.6:testResources from plugin realm ClassRealm[plugin>org.apache.maven.plugins:maven-resources-plugin:2.6, parent: jdk.internal.loader.ClassLoaders$AppClassLoader@30946e09]
[[1;36mDEBUG[m] Configuring mojo 'org.apache.maven.plugins:maven-resources-plugin:2.6:testResources' with basic configurator -->
[[1;36mDEBUG[m]   (f) buildFilters = []
[[1;36mDEBUG[m]   (f) escapeWindowsPaths = true
[[1;36mDEBUG[m]   (s) includeEmptyDirs = false
[[1;36mDEBUG[m]   (s) outputDirectory = /home/luiggi/tutorias-hexagonal/target/test-classes
[[1;36mDEBUG[m]   (s) overwrite = false
[[1;36mDEBUG[m]   (f) project = MavenProject: com.jcaa.hexagonal:tutorias-hexagonal:0.0.1-SNAPSHOT @ /home/luiggi/tutorias-hexagonal/pom.xml
[[1;36mDEBUG[m]   (s) resources = [Resource {targetPath: null, filtering: false, FileSet {directory: /home/luiggi/tutorias-hexagonal/src/test/resources, PatternSet [includes: {}, excludes: {}]}}]
[[1;36mDEBUG[m]   (f) session = org.apache.maven.execution.MavenSession@8ff5094
[[1;36mDEBUG[m]   (f) supportMultiLineFiltering = false
[[1;36mDEBUG[m]   (f) useBuildFilters = true
[[1;36mDEBUG[m]   (s) useDefaultDelimiters = true
[[1;36mDEBUG[m] -- end configuration --
[[1;36mDEBUG[m] properties used {env.TERM=xterm-256color, java.specification.version=17, sun.arch.data.model=64, java.vendor.url=https://ubuntu.com/, sun.boot.library.path=/usr/lib/jvm/java-17-openjdk-amd64/lib, sun.java.command=org.codehaus.plexus.classworlds.launcher.Launcher -X spring-boot:run, jdk.debug=release, maven.version=3.6.3, java.specification.vendor=Oracle Corporation, java.version.date=2025-07-15, java.home=/usr/lib/jvm/java-17-openjdk-amd64, java.vm.specification.vendor=Oracle Corporation, java.specification.name=Java Platform API Specification, sun.management.compiler=HotSpot 64-Bit Tiered Compilers, env.XDG_SESSION_PATH=/org/freedesktop/DisplayManager/Session0, java.runtime.version=17.0.16+8-Ubuntu-0ubuntu122.04.1, env.PATH=/usr/local/sbin:/usr/local/bin:/usr/sbin:/usr/bin:/sbin:/bin:/usr/games:/usr/local/games:/snap/bin, env.LS_COLORS=rs=0:di=01;34:ln=01;36:mh=00:pi=40;33:so=01;35:do=01;35:bd=40;33;01:cd=40;33;01:or=40;31;01:mi=00:su=37;41:sg=30;43:ca=30;41:tw=30;42:ow=34;42:st=37;44:ex=01;32:*.tar=01;31:*.tgz=01;31:*.arc=01;31:*.arj=01;31:*.taz=01;31:*.lha=01;31:*.lz4=01;31:*.lzh=01;31:*.lzma=01;31:*.tlz=01;31:*.txz=01;31:*.tzo=01;31:*.t7z=01;31:*.zip=01;31:*.z=01;31:*.dz=01;31:*.gz=01;31:*.lrz=01;31:*.lz=01;31:*.lzo=01;31:*.xz=01;31:*.zst=01;31:*.tzst=01;31:*.bz2=01;31:*.bz=01;31:*.tbz=01;31:*.tbz2=01;31:*.tz=01;31:*.deb=01;31:*.rpm=01;31:*.jar=01;31:*.war=01;31:*.ear=01;31:*.sar=01;31:*.rar=01;31:*.alz=01;31:*.ace=01;31:*.zoo=01;31:*.cpio=01;31:*.7z=01;31:*.rz=01;31:*.cab=01;31:*.wim=01;31:*.swm=01;31:*.dwm=01;31:*.esd=01;31:*.jpg=01;35:*.jpeg=01;35:*.mjpg=01;35:*.mjpeg=01;35:*.gif=01;35:*.bmp=01;35:*.pbm=01;35:*.pgm=01;35:*.ppm=01;35:*.tga=01;35:*.xbm=01;35:*.xpm=01;35:*.tif=01;35:*.tiff=01;35:*.png=01;35:*.svg=01;35:*.svgz=01;35:*.mng=01;35:*.pcx=01;35:*.mov=01;35:*.mpg=01;35:*.mpeg=01;35:*.m2v=01;35:*.mkv=01;35:*.webm=01;35:*.webp=01;35:*.ogm=01;35:*.mp4=01;35:*.m4v=01;35:*.mp4v=01;35:*.vob=01;35:*.qt=01;35:*.nuv=01;35:*.wmv=01;35:*.asf=01;35:*.rm=01;35:*.rmvb=01;35:*.flc=01;35:*.avi=01;35:*.fli=01;35:*.flv=01;35:*.gl=01;35:*.dl=01;35:*.xcf=01;35:*.xwd=01;35:*.yuv=01;35:*.cgm=01;35:*.emf=01;35:*.ogv=01;35:*.ogx=01;35:*.aac=00;36:*.au=00;36:*.flac=00;36:*.m4a=00;36:*.mid=00;36:*.midi=00;36:*.mka=00;36:*.mp3=00;36:*.mpc=00;36:*.ogg=00;36:*.ra=00;36:*.wav=00;36:*.oga=00;36:*.opus=00;36:*.spx=00;36:*.xspf=00;36:, env.XDG_SEAT=seat0, file.encoding=UTF-8, env._=/usr/bin/mvn, env.XDG_SESSION_DESKTOP=xubuntu, env.SHLVL=0, java.io.tmpdir=/tmp, java.version=17.0.16, java.vm.specification.name=Java Virtual Machine Specification, native.encoding=UTF-8, java.library.path=/usr/java/packages/lib:/usr/lib/x86_64-linux-gnu/jni:/lib/x86_64-linux-gnu:/usr/lib/x86_64-linux-gnu:/usr/lib/jni:/lib:/usr/lib, java.vendor=Ubuntu, classworlds.conf=/usr/share/maven/bin/m2.conf, java.specification.maintenance.version=1, sun.io.unicode.encoding=UnicodeLittle, env.XAUTHORITY=/home/luiggi/.Xauthority, env.SESSION_MANAGER=local/luiggi-HP:@/tmp/.ICE-unix/1818,unix/luiggi-HP:/tmp/.ICE-unix/1818, env.LANG=es_CO.UTF-8, env.XDG_DATA_DIRS=/usr/share/xubuntu:/usr/share/xfce4:/home/luiggi/.local/share/flatpak/exports/share:/var/lib/flatpak/exports/share:/usr/local/share:/usr/share:/var/lib/snapd/desktop:/usr/share, java.vm.specification.version=17, os.name=Linux, env.DISPLAY=:0.0, user.home=/home/luiggi, env.GPG_AGENT_INFO=/run/user/1000/gnupg/S.gpg-agent:0:1, env.COLORTERM=truecolor, env.LANGUAGE=es_CO:es, env.DBUS_SESSION_BUS_ADDRESS=unix:path=/run/user/1000/bus, path.separator=:, os.version=6.8.0-64-generic, jjwt.version=0.11.5, java.vm.name=OpenJDK 64-Bit Server VM, env.SHELL=/bin/bash, env.LESSCLOSE=/usr/bin/lesspipe %s %s, env.XDG_SEAT_PATH=/org/freedesktop/DisplayManager/Seat0, env.VTE_VERSION=6800, os.arch=amd64, maven.multiModuleProjectDirectory=/home/luiggi/tutorias-hexagonal, env.GTK3_MODULES=xapp-gtk3-module, env.DESKTOP_SESSION=xubuntu, env.MAVEN_PROJECTBASEDIR=/home/luiggi/tutorias-hexagonal, java.vm.info=mixed mode, sharing, env.USER=luiggi, java.class.version=61.0, sun.jnu.encoding=UTF-8, env.XDG_GREETER_DATA_DIR=/var/lib/lightdm-data/luiggi, maven.build.version=Apache Maven 3.6.3, maven.home=/usr/share/maven, env.GDMSESSION=xubuntu, file.separator=/, java.vm.compressedOopsMode=32-bit, line.separator=
, env.GDM_LANG=es_CO, env.QT_QPA_PLATFORMTHEME=gtk2, env.WINDOWID=117448450, spring.boot.version=3.1.4, user.name=luiggi, env.LOGNAME=luiggi, env.PANEL_GDK_CORE_DEVICE_EVENTS=0, env.XDG_VTNR=7, env.SSH_AUTH_SOCK=/run/user/1000/keyring/ssh, env.XDG_RUNTIME_DIR=/run/user/1000, env.XDG_SESSION_TYPE=x11, library.jansi.path=/usr/share/maven/lib/jansi-native, env.XDG_SESSION_CLASS=user, env.OLDPWD=/home/luiggi/tutorias-hexagonal, env.PWD=/home/luiggi/tutorias-hexagonal, env.LESSOPEN=| /usr/bin/lesspipe %s, env.CLUTTER_BACKEND=x11, java.class.path=/usr/share/maven/boot/plexus-classworlds-2.x.jar, env.HOME=/home/luiggi, java.vm.vendor=Ubuntu, maven.conf=/usr/share/maven/conf, sun.java.launcher=SUN_STANDARD, user.country=CO, env.QT_ACCESSIBILITY=1, sun.cpu.endian=little, user.language=es, env.XDG_MENU_PREFIX=xfce-, env.GTK_OVERLAY_SCROLLING=0, java.runtime.name=OpenJDK Runtime Environment, env.XDG_SESSION_ID=c2, env.MAVEN_CMD_LINE_ARGS= -X spring-boot:run, java.vendor.url.bug=https://bugs.launchpad.net/ubuntu/+source/openjdk-17, env.XDG_CONFIG_DIRS=/etc/xdg/xdg-xubuntu:/etc/xdg:/etc/xdg, user.dir=/home/luiggi/tutorias-hexagonal, env.XDG_CURRENT_DESKTOP=XFCE, java.vm.version=17.0.16+8-Ubuntu-0ubuntu122.04.1}
[[1;33mWARNING[m] Using platform encoding (UTF-8 actually) to copy filtered resources, i.e. build is platform dependent!
[[1;36mDEBUG[m] resource with targetPath null
directory /home/luiggi/tutorias-hexagonal/src/test/resources
excludes []
includes []
[[1;34mINFO[m] skip non existing resourceDirectory /home/luiggi/tutorias-hexagonal/src/test/resources
[[1;36mDEBUG[m] no use filter components
[[1;34mINFO[m] 
[[1;34mINFO[m] [1m--- [0;32mmaven-compiler-plugin:3.10.1:testCompile[m [1m(default-testCompile)[m @ [36mtutorias-hexagonal[0;1m ---[m
[[1;36mDEBUG[m] Configuring mojo org.apache.maven.plugins:maven-compiler-plugin:3.10.1:testCompile from plugin realm ClassRealm[plugin>org.apache.maven.plugins:maven-compiler-plugin:3.10.1, parent: jdk.internal.loader.ClassLoaders$AppClassLoader@30946e09]
[[1;36mDEBUG[m] Configuring mojo 'org.apache.maven.plugins:maven-compiler-plugin:3.10.1:testCompile' with basic configurator -->
[[1;36mDEBUG[m]   (f) basedir = /home/luiggi/tutorias-hexagonal
[[1;36mDEBUG[m]   (f) buildDirectory = /home/luiggi/tutorias-hexagonal/target
[[1;36mDEBUG[m]   (f) compileSourceRoots = [/home/luiggi/tutorias-hexagonal/src/test/java]
[[1;36mDEBUG[m]   (f) compilerId = javac
[[1;36mDEBUG[m]   (f) createMissingPackageInfoClass = true
[[1;36mDEBUG[m]   (f) debug = true
[[1;36mDEBUG[m]   (f) debugFileName = javac-test
[[1;36mDEBUG[m]   (f) enablePreview = false
[[1;36mDEBUG[m]   (f) failOnError = true
[[1;36mDEBUG[m]   (f) failOnWarning = false
[[1;36mDEBUG[m]   (f) forceJavacCompilerUse = false
[[1;36mDEBUG[m]   (f) fork = false
[[1;36mDEBUG[m]   (f) generatedTestSourcesDirectory = /home/luiggi/tutorias-hexagonal/target/generated-test-sources/test-annotations
[[1;36mDEBUG[m]   (f) mojoExecution = org.apache.maven.plugins:maven-compiler-plugin:3.10.1:testCompile {execution: default-testCompile}
[[1;36mDEBUG[m]   (f) optimize = false
[[1;36mDEBUG[m]   (f) outputDirectory = /home/luiggi/tutorias-hexagonal/target/test-classes
[[1;36mDEBUG[m]   (f) parameters = false
[[1;36mDEBUG[m]   (f) project = MavenProject: com.jcaa.hexagonal:tutorias-hexagonal:0.0.1-SNAPSHOT @ /home/luiggi/tutorias-hexagonal/pom.xml
[[1;36mDEBUG[m]   (f) session = org.apache.maven.execution.MavenSession@8ff5094
[[1;36mDEBUG[m]   (f) showDeprecation = false
[[1;36mDEBUG[m]   (f) showWarnings = false
[[1;36mDEBUG[m]   (f) skipMultiThreadWarning = false
[[1;36mDEBUG[m]   (f) source = 17
[[1;36mDEBUG[m]   (f) staleMillis = 0
[[1;36mDEBUG[m]   (s) target = 17
[[1;36mDEBUG[m]   (f) testPath = [/home/luiggi/tutorias-hexagonal/target/test-classes, /home/luiggi/tutorias-hexagonal/target/classes, /home/luiggi/.m2/repository/org/springframework/boot/spring-boot-starter-web/3.1.4/spring-boot-starter-web-3.1.4.jar, /home/luiggi/.m2/repository/org/springframework/boot/spring-boot-starter/3.1.4/spring-boot-starter-3.1.4.jar, /home/luiggi/.m2/repository/org/springframework/boot/spring-boot/3.1.4/spring-boot-3.1.4.jar, /home/luiggi/.m2/repository/org/springframework/boot/spring-boot-autoconfigure/3.1.4/spring-boot-autoconfigure-3.1.4.jar, /home/luiggi/.m2/repository/org/springframework/boot/spring-boot-starter-logging/3.1.4/spring-boot-starter-logging-3.1.4.jar, /home/luiggi/.m2/repository/ch/qos/logback/logback-classic/1.4.11/logback-classic-1.4.11.jar, /home/luiggi/.m2/repository/ch/qos/logback/logback-core/1.4.11/logback-core-1.4.11.jar, /home/luiggi/.m2/repository/org/apache/logging/log4j/log4j-to-slf4j/2.20.0/log4j-to-slf4j-2.20.0.jar, /home/luiggi/.m2/repository/org/apache/logging/log4j/log4j-api/2.20.0/log4j-api-2.20.0.jar, /home/luiggi/.m2/repository/org/slf4j/jul-to-slf4j/2.0.9/jul-to-slf4j-2.0.9.jar, /home/luiggi/.m2/repository/jakarta/annotation/jakarta.annotation-api/2.1.1/jakarta.annotation-api-2.1.1.jar, /home/luiggi/.m2/repository/org/yaml/snakeyaml/1.33/snakeyaml-1.33.jar, /home/luiggi/.m2/repository/org/springframework/boot/spring-boot-starter-json/3.1.4/spring-boot-starter-json-3.1.4.jar, /home/luiggi/.m2/repository/com/fasterxml/jackson/datatype/jackson-datatype-jdk8/2.15.2/jackson-datatype-jdk8-2.15.2.jar, /home/luiggi/.m2/repository/com/fasterxml/jackson/datatype/jackson-datatype-jsr310/2.15.2/jackson-datatype-jsr310-2.15.2.jar, /home/luiggi/.m2/repository/com/fasterxml/jackson/module/jackson-module-parameter-names/2.15.2/jackson-module-parameter-names-2.15.2.jar, /home/luiggi/.m2/repository/org/springframework/boot/spring-boot-starter-tomcat/3.1.4/spring-boot-starter-tomcat-3.1.4.jar, /home/luiggi/.m2/repository/org/apache/tomcat/embed/tomcat-embed-core/10.1.13/tomcat-embed-core-10.1.13.jar, /home/luiggi/.m2/repository/org/apache/tomcat/embed/tomcat-embed-el/10.1.13/tomcat-embed-el-10.1.13.jar, /home/luiggi/.m2/repository/org/apache/tomcat/embed/tomcat-embed-websocket/10.1.13/tomcat-embed-websocket-10.1.13.jar, /home/luiggi/.m2/repository/org/springframework/spring-web/6.0.12/spring-web-6.0.12.jar, /home/luiggi/.m2/repository/org/springframework/spring-beans/6.0.12/spring-beans-6.0.12.jar, /home/luiggi/.m2/repository/io/micrometer/micrometer-observation/1.11.4/micrometer-observation-1.11.4.jar, /home/luiggi/.m2/repository/io/micrometer/micrometer-commons/1.11.4/micrometer-commons-1.11.4.jar, /home/luiggi/.m2/repository/org/springframework/spring-webmvc/6.0.12/spring-webmvc-6.0.12.jar, /home/luiggi/.m2/repository/org/springframework/spring-context/6.0.12/spring-context-6.0.12.jar, /home/luiggi/.m2/repository/org/springframework/spring-expression/6.0.12/spring-expression-6.0.12.jar, /home/luiggi/.m2/repository/org/springframework/boot/spring-boot-starter-data-jpa/3.1.4/spring-boot-starter-data-jpa-3.1.4.jar, /home/luiggi/.m2/repository/org/springframework/boot/spring-boot-starter-aop/3.1.4/spring-boot-starter-aop-3.1.4.jar, /home/luiggi/.m2/repository/org/aspectj/aspectjweaver/1.9.20/aspectjweaver-1.9.20.jar, /home/luiggi/.m2/repository/org/springframework/boot/spring-boot-starter-jdbc/3.1.4/spring-boot-starter-jdbc-3.1.4.jar, /home/luiggi/.m2/repository/com/zaxxer/HikariCP/5.0.1/HikariCP-5.0.1.jar, /home/luiggi/.m2/repository/org/springframework/spring-jdbc/6.0.12/spring-jdbc-6.0.12.jar, /home/luiggi/.m2/repository/org/hibernate/orm/hibernate-core/6.2.9.Final/hibernate-core-6.2.9.Final.jar, /home/luiggi/.m2/repository/jakarta/persistence/jakarta.persistence-api/3.1.0/jakarta.persistence-api-3.1.0.jar, /home/luiggi/.m2/repository/jakarta/transaction/jakarta.transaction-api/2.0.1/jakarta.transaction-api-2.0.1.jar, /home/luiggi/.m2/repository/org/jboss/logging/jboss-logging/3.5.3.Final/jboss-logging-3.5.3.Final.jar, /home/luiggi/.m2/repository/org/hibernate/common/hibernate-commons-annotations/6.0.6.Final/hibernate-commons-annotations-6.0.6.Final.jar, /home/luiggi/.m2/repository/io/smallrye/jandex/3.0.5/jandex-3.0.5.jar, /home/luiggi/.m2/repository/com/fasterxml/classmate/1.5.1/classmate-1.5.1.jar, /home/luiggi/.m2/repository/net/bytebuddy/byte-buddy/1.14.8/byte-buddy-1.14.8.jar, /home/luiggi/.m2/repository/org/glassfish/jaxb/jaxb-runtime/4.0.3/jaxb-runtime-4.0.3.jar, /home/luiggi/.m2/repository/org/glassfish/jaxb/jaxb-core/4.0.3/jaxb-core-4.0.3.jar, /home/luiggi/.m2/repository/org/eclipse/angus/angus-activation/2.0.1/angus-activation-2.0.1.jar, /home/luiggi/.m2/repository/org/glassfish/jaxb/txw2/4.0.3/txw2-4.0.3.jar, /home/luiggi/.m2/repository/com/sun/istack/istack-commons-runtime/4.1.2/istack-commons-runtime-4.1.2.jar, /home/luiggi/.m2/repository/jakarta/inject/jakarta.inject-api/2.0.1/jakarta.inject-api-2.0.1.jar, /home/luiggi/.m2/repository/org/antlr/antlr4-runtime/4.10.1/antlr4-runtime-4.10.1.jar, /home/luiggi/.m2/repository/org/springframework/data/spring-data-jpa/3.1.4/spring-data-jpa-3.1.4.jar, /home/luiggi/.m2/repository/org/springframework/data/spring-data-commons/3.1.4/spring-data-commons-3.1.4.jar, /home/luiggi/.m2/repository/org/springframework/spring-orm/6.0.12/spring-orm-6.0.12.jar, /home/luiggi/.m2/repository/org/springframework/spring-tx/6.0.12/spring-tx-6.0.12.jar, /home/luiggi/.m2/repository/org/slf4j/slf4j-api/2.0.9/slf4j-api-2.0.9.jar, /home/luiggi/.m2/repository/org/springframework/spring-aspects/6.0.12/spring-aspects-6.0.12.jar, /home/luiggi/.m2/repository/org/springframework/boot/spring-boot-starter-security/3.1.4/spring-boot-starter-security-3.1.4.jar, /home/luiggi/.m2/repository/org/springframework/spring-aop/6.0.12/spring-aop-6.0.12.jar, /home/luiggi/.m2/repository/org/springframework/security/spring-security-config/6.1.4/spring-security-config-6.1.4.jar, /home/luiggi/.m2/repository/org/springframework/security/spring-security-core/6.1.4/spring-security-core-6.1.4.jar, /home/luiggi/.m2/repository/org/springframework/security/spring-security-crypto/6.1.4/spring-security-crypto-6.1.4.jar, /home/luiggi/.m2/repository/org/springframework/security/spring-security-web/6.1.4/spring-security-web-6.1.4.jar, /home/luiggi/.m2/repository/org/mariadb/jdbc/mariadb-java-client/3.1.4/mariadb-java-client-3.1.4.jar, /home/luiggi/.m2/repository/com/github/waffle/waffle-jna/3.2.0/waffle-jna-3.2.0.jar, /home/luiggi/.m2/repository/net/java/dev/jna/jna/5.12.1/jna-5.12.1.jar, /home/luiggi/.m2/repository/net/java/dev/jna/jna-platform/5.12.1/jna-platform-5.12.1.jar, /home/luiggi/.m2/repository/org/slf4j/jcl-over-slf4j/2.0.9/jcl-over-slf4j-2.0.9.jar, /home/luiggi/.m2/repository/com/github/ben-manes/caffeine/caffeine/3.1.8/caffeine-3.1.8.jar, /home/luiggi/.m2/repository/com/google/errorprone/error_prone_annotations/2.21.1/error_prone_annotations-2.21.1.jar, /home/luiggi/.m2/repository/org/checkerframework/checker-qual/3.23.0/checker-qual-3.23.0.jar, /home/luiggi/.m2/repository/io/jsonwebtoken/jjwt-api/0.11.5/jjwt-api-0.11.5.jar, /home/luiggi/.m2/repository/io/jsonwebtoken/jjwt-impl/0.11.5/jjwt-impl-0.11.5.jar, /home/luiggi/.m2/repository/io/jsonwebtoken/jjwt-jackson/0.11.5/jjwt-jackson-0.11.5.jar, /home/luiggi/.m2/repository/com/fasterxml/jackson/core/jackson-databind/2.15.2/jackson-databind-2.15.2.jar, /home/luiggi/.m2/repository/com/fasterxml/jackson/core/jackson-annotations/2.15.2/jackson-annotations-2.15.2.jar, /home/luiggi/.m2/repository/com/fasterxml/jackson/core/jackson-core/2.15.2/jackson-core-2.15.2.jar, /home/luiggi/.m2/repository/jakarta/validation/jakarta.validation-api/3.0.2/jakarta.validation-api-3.0.2.jar, /home/luiggi/.m2/repository/org/springframework/boot/spring-boot-starter-test/3.1.4/spring-boot-starter-test-3.1.4.jar, /home/luiggi/.m2/repository/org/springframework/boot/spring-boot-test/3.1.4/spring-boot-test-3.1.4.jar, /home/luiggi/.m2/repository/org/springframework/boot/spring-boot-test-autoconfigure/3.1.4/spring-boot-test-autoconfigure-3.1.4.jar, /home/luiggi/.m2/repository/com/jayway/jsonpath/json-path/2.8.0/json-path-2.8.0.jar, /home/luiggi/.m2/repository/jakarta/xml/bind/jakarta.xml.bind-api/4.0.1/jakarta.xml.bind-api-4.0.1.jar, /home/luiggi/.m2/repository/jakarta/activation/jakarta.activation-api/2.1.2/jakarta.activation-api-2.1.2.jar, /home/luiggi/.m2/repository/net/minidev/json-smart/2.4.11/json-smart-2.4.11.jar, /home/luiggi/.m2/repository/net/minidev/accessors-smart/2.4.11/accessors-smart-2.4.11.jar, /home/luiggi/.m2/repository/org/ow2/asm/asm/9.3/asm-9.3.jar, /home/luiggi/.m2/repository/org/assertj/assertj-core/3.24.2/assertj-core-3.24.2.jar, /home/luiggi/.m2/repository/org/hamcrest/hamcrest/2.2/hamcrest-2.2.jar, /home/luiggi/.m2/repository/org/junit/jupiter/junit-jupiter/5.9.3/junit-jupiter-5.9.3.jar, /home/luiggi/.m2/repository/org/junit/jupiter/junit-jupiter-api/5.9.3/junit-jupiter-api-5.9.3.jar, /home/luiggi/.m2/repository/org/opentest4j/opentest4j/1.2.0/opentest4j-1.2.0.jar, /home/luiggi/.m2/repository/org/junit/platform/junit-platform-commons/1.9.3/junit-platform-commons-1.9.3.jar, /home/luiggi/.m2/repository/org/apiguardian/apiguardian-api/1.1.2/apiguardian-api-1.1.2.jar, /home/luiggi/.m2/repository/org/junit/jupiter/junit-jupiter-params/5.9.3/junit-jupiter-params-5.9.3.jar, /home/luiggi/.m2/repository/org/junit/jupiter/junit-jupiter-engine/5.9.3/junit-jupiter-engine-5.9.3.jar, /home/luiggi/.m2/repository/org/junit/platform/junit-platform-engine/1.9.3/junit-platform-engine-1.9.3.jar, /home/luiggi/.m2/repository/org/mockito/mockito-core/5.3.1/mockito-core-5.3.1.jar, /home/luiggi/.m2/repository/net/bytebuddy/byte-buddy-agent/1.14.8/byte-buddy-agent-1.14.8.jar, /home/luiggi/.m2/repository/org/objenesis/objenesis/3.3/objenesis-3.3.jar, /home/luiggi/.m2/repository/org/mockito/mockito-junit-jupiter/5.3.1/mockito-junit-jupiter-5.3.1.jar, /home/luiggi/.m2/repository/org/skyscreamer/jsonassert/1.5.1/jsonassert-1.5.1.jar, /home/luiggi/.m2/repository/com/vaadin/external/google/android-json/0.0.20131108.vaadin1/android-json-0.0.20131108.vaadin1.jar, /home/luiggi/.m2/repository/org/springframework/spring-core/6.0.12/spring-core-6.0.12.jar, /home/luiggi/.m2/repository/org/springframework/spring-jcl/6.0.12/spring-jcl-6.0.12.jar, /home/luiggi/.m2/repository/org/springframework/spring-test/6.0.12/spring-test-6.0.12.jar, /home/luiggi/.m2/repository/org/xmlunit/xmlunit-core/2.9.1/xmlunit-core-2.9.1.jar]
[[1;36mDEBUG[m]   (f) useIncrementalCompilation = true
[[1;36mDEBUG[m]   (f) verbose = false
[[1;36mDEBUG[m] -- end configuration --
[[1;36mDEBUG[m] Using compiler 'javac'.
[[1;34mINFO[m] No sources to compile
[[1;34mINFO[m] 
[[1;34mINFO[m] [1m<<< [0;32mspring-boot-maven-plugin:3.1.4:run[m [1m(default-cli)[0;1m < [0;1mtest-compile[m @ [36mtutorias-hexagonal[0;1m <<<[m
[[1;34mINFO[m] 
[[1;34mINFO[m] 
[[1;34mINFO[m] [1m--- [0;32mspring-boot-maven-plugin:3.1.4:run[m [1m(default-cli)[m @ [36mtutorias-hexagonal[0;1m ---[m
[[1;36mDEBUG[m] Dependency collection stats: {ConflictMarker.analyzeTime=630788, ConflictMarker.markTime=411799, ConflictMarker.nodeCount=138, ConflictIdSorter.graphTime=260366, ConflictIdSorter.topsortTime=214791, ConflictIdSorter.conflictIdCount=68, ConflictIdSorter.conflictIdCycleCount=0, ConflictResolver.totalTime=11249246, ConflictResolver.conflictItemCount=137, DefaultDependencyCollector.collectTime=313652811, DefaultDependencyCollector.transformTime=12925186}
[[1;36mDEBUG[m] org.springframework.boot:spring-boot-maven-plugin:jar:3.1.4
[[1;36mDEBUG[m]    org.springframework:spring-context:jar:6.0.12:runtime
[[1;36mDEBUG[m]       org.springframework:spring-aop:jar:6.0.12:runtime
[[1;36mDEBUG[m]       org.springframework:spring-beans:jar:6.0.12:runtime
[[1;36mDEBUG[m]       org.springframework:spring-core:jar:6.0.12:runtime
[[1;36mDEBUG[m]          org.springframework:spring-jcl:jar:6.0.12:runtime
[[1;36mDEBUG[m]       org.springframework:spring-expression:jar:6.0.12:runtime
[[1;36mDEBUG[m]    org.springframework.boot:spring-boot-buildpack-platform:jar:3.1.4:runtime
[[1;36mDEBUG[m]       com.fasterxml.jackson.core:jackson-databind:jar:2.14.2:runtime
[[1;36mDEBUG[m]          com.fasterxml.jackson.core:jackson-annotations:jar:2.14.2:runtime
[[1;36mDEBUG[m]          com.fasterxml.jackson.core:jackson-core:jar:2.14.2:runtime
[[1;36mDEBUG[m]       com.fasterxml.jackson.module:jackson-module-parameter-names:jar:2.14.2:runtime
[[1;36mDEBUG[m]       net.java.dev.jna:jna-platform:jar:5.7.0:runtime
[[1;36mDEBUG[m]          net.java.dev.jna:jna:jar:5.7.0:runtime
[[1;36mDEBUG[m]       org.apache.commons:commons-compress:jar:1.21:runtime
[[1;36mDEBUG[m]       org.apache.httpcomponents.client5:httpclient5:jar:5.2.1:runtime
[[1;36mDEBUG[m]          org.apache.httpcomponents.core5:httpcore5:jar:5.2:runtime
[[1;36mDEBUG[m]          org.apache.httpcomponents.core5:httpcore5-h2:jar:5.2:runtime
[[1;36mDEBUG[m]          org.slf4j:slf4j-api:jar:1.7.36:compile
[[1;36mDEBUG[m]       org.tomlj:tomlj:jar:1.0.0:runtime
[[1;36mDEBUG[m]          org.antlr:antlr4-runtime:jar:4.7.2:runtime
[[1;36mDEBUG[m]          com.google.code.findbugs:jsr305:jar:3.0.2:compile
[[1;36mDEBUG[m]    org.springframework.boot:spring-boot-loader-tools:jar:3.1.4:runtime
[[1;36mDEBUG[m]    org.sonatype.plexus:plexus-build-api:jar:0.0.7:runtime
[[1;36mDEBUG[m]       org.codehaus.plexus:plexus-utils:jar:1.5.8:compile
[[1;36mDEBUG[m]    org.apache.maven.plugins:maven-shade-plugin:jar:3.2.4:compile (optional)
[[1;36mDEBUG[m]       org.apache.maven:maven-plugin-api:jar:3.0:compile (optional)
[[1;36mDEBUG[m]          org.sonatype.sisu:sisu-inject-plexus:jar:1.4.2:compile (optional)
[[1;36mDEBUG[m]             org.sonatype.sisu:sisu-inject-bean:jar:1.4.2:compile (optional)
[[1;36mDEBUG[m]                org.sonatype.sisu:sisu-guice:jar:noaop:2.1.7:compile (optional)
[[1;36mDEBUG[m]       org.apache.maven:maven-model:jar:3.0:compile (optional)
[[1;36mDEBUG[m]       org.apache.maven:maven-core:jar:3.0:compile (optional)
[[1;36mDEBUG[m]          org.apache.maven:maven-settings:jar:3.0:compile (optional)
[[1;36mDEBUG[m]          org.apache.maven:maven-settings-builder:jar:3.0:compile (optional)
[[1;36mDEBUG[m]          org.apache.maven:maven-repository-metadata:jar:3.0:compile (optional)
[[1;36mDEBUG[m]          org.apache.maven:maven-model-builder:jar:3.0:compile (optional)
[[1;36mDEBUG[m]          org.apache.maven:maven-aether-provider:jar:3.0:runtime (optional)
[[1;36mDEBUG[m]          org.sonatype.aether:aether-impl:jar:1.7:compile (optional)
[[1;36mDEBUG[m]             org.sonatype.aether:aether-spi:jar:1.7:compile (optional)
[[1;36mDEBUG[m]          org.sonatype.aether:aether-api:jar:1.7:compile (optional)
[[1;36mDEBUG[m]          org.sonatype.aether:aether-util:jar:1.7:compile (optional)
[[1;36mDEBUG[m]          org.codehaus.plexus:plexus-interpolation:jar:1.14:compile (optional)
[[1;36mDEBUG[m]          org.codehaus.plexus:plexus-classworlds:jar:2.2.3:compile (optional)
[[1;36mDEBUG[m]          org.codehaus.plexus:plexus-component-annotations:jar:1.5.5:compile (optional)
[[1;36mDEBUG[m]          org.sonatype.plexus:plexus-sec-dispatcher:jar:1.3:compile (optional)
[[1;36mDEBUG[m]             org.sonatype.plexus:plexus-cipher:jar:1.4:compile (optional)
[[1;36mDEBUG[m]       org.apache.maven:maven-artifact:jar:3.0:compile (optional)
[[1;36mDEBUG[m]       org.apache.maven.shared:maven-artifact-transfer:jar:0.12.0:compile (optional)
[[1;36mDEBUG[m]          org.apache.maven.shared:maven-common-artifact-filters:jar:3.0.1:compile (optional)
[[1;36mDEBUG[m]             org.apache.maven.shared:maven-shared-utils:jar:3.1.0:compile (optional)
[[1;36mDEBUG[m]          commons-codec:commons-codec:jar:1.11:compile (optional)
[[1;36mDEBUG[m]       org.ow2.asm:asm:jar:8.0:compile (optional)
[[1;36mDEBUG[m]       org.ow2.asm:asm-commons:jar:8.0:compile (optional)
[[1;36mDEBUG[m]          org.ow2.asm:asm-tree:jar:8.0:compile (optional)
[[1;36mDEBUG[m]          org.ow2.asm:asm-analysis:jar:8.0:compile (optional)
[[1;36mDEBUG[m]       org.jdom:jdom2:jar:2.0.6:compile (optional)
[[1;36mDEBUG[m]       org.apache.maven.shared:maven-dependency-tree:jar:3.0.1:compile (optional)
[[1;36mDEBUG[m]          org.eclipse.aether:aether-util:jar:0.9.0.M2:compile (optional)
[[1;36mDEBUG[m]       commons-io:commons-io:jar:2.6:compile (optional)
[[1;36mDEBUG[m]       org.vafer:jdependency:jar:2.4.0:compile (optional)
[[1;36mDEBUG[m]          org.ow2.asm:asm-util:jar:8.0:compile (optional)
[[1;36mDEBUG[m]       com.google.guava:guava:jar:28.2-android:compile (optional)
[[1;36mDEBUG[m]          com.google.guava:failureaccess:jar:1.0.1:compile (optional)
[[1;36mDEBUG[m]          com.google.guava:listenablefuture:jar:9999.0-empty-to-avoid-conflict-with-guava:compile (optional)
[[1;36mDEBUG[m]          org.checkerframework:checker-compat-qual:jar:2.5.5:compile (optional)
[[1;36mDEBUG[m]          com.google.errorprone:error_prone_annotations:jar:2.3.4:compile (optional)
[[1;36mDEBUG[m]          com.google.j2objc:j2objc-annotations:jar:1.3:compile (optional)
[[1;36mDEBUG[m]       org.apache.commons:commons-lang3:jar:3.7:compile (optional)
[[1;36mDEBUG[m] Created new class realm plugin>org.springframework.boot:spring-boot-maven-plugin:3.1.4
[[1;36mDEBUG[m] Importing foreign packages into class realm plugin>org.springframework.boot:spring-boot-maven-plugin:3.1.4
[[1;36mDEBUG[m]   Imported:  < maven.api
[[1;36mDEBUG[m] Populating class realm plugin>org.springframework.boot:spring-boot-maven-plugin:3.1.4
[[1;36mDEBUG[m]   Included: org.springframework.boot:spring-boot-maven-plugin:jar:3.1.4
[[1;36mDEBUG[m]   Included: org.springframework:spring-context:jar:6.0.12
[[1;36mDEBUG[m]   Included: org.springframework:spring-aop:jar:6.0.12
[[1;36mDEBUG[m]   Included: org.springframework:spring-beans:jar:6.0.12
[[1;36mDEBUG[m]   Included: org.springframework:spring-core:jar:6.0.12
[[1;36mDEBUG[m]   Included: org.springframework:spring-jcl:jar:6.0.12
[[1;36mDEBUG[m]   Included: org.springframework:spring-expression:jar:6.0.12
[[1;36mDEBUG[m]   Included: org.springframework.boot:spring-boot-buildpack-platform:jar:3.1.4
[[1;36mDEBUG[m]   Included: com.fasterxml.jackson.core:jackson-databind:jar:2.14.2
[[1;36mDEBUG[m]   Included: com.fasterxml.jackson.core:jackson-annotations:jar:2.14.2
[[1;36mDEBUG[m]   Included: com.fasterxml.jackson.core:jackson-core:jar:2.14.2
[[1;36mDEBUG[m]   Included: com.fasterxml.jackson.module:jackson-module-parameter-names:jar:2.14.2
[[1;36mDEBUG[m]   Included: net.java.dev.jna:jna-platform:jar:5.7.0
[[1;36mDEBUG[m]   Included: net.java.dev.jna:jna:jar:5.7.0
[[1;36mDEBUG[m]   Included: org.apache.commons:commons-compress:jar:1.21
[[1;36mDEBUG[m]   Included: org.apache.httpcomponents.client5:httpclient5:jar:5.2.1
[[1;36mDEBUG[m]   Included: org.apache.httpcomponents.core5:httpcore5:jar:5.2
[[1;36mDEBUG[m]   Included: org.apache.httpcomponents.core5:httpcore5-h2:jar:5.2
[[1;36mDEBUG[m]   Included: org.tomlj:tomlj:jar:1.0.0
[[1;36mDEBUG[m]   Included: org.antlr:antlr4-runtime:jar:4.7.2
[[1;36mDEBUG[m]   Included: com.google.code.findbugs:jsr305:jar:3.0.2
[[1;36mDEBUG[m]   Included: org.springframework.boot:spring-boot-loader-tools:jar:3.1.4
[[1;36mDEBUG[m]   Included: org.sonatype.plexus:plexus-build-api:jar:0.0.7
[[1;36mDEBUG[m]   Included: org.codehaus.plexus:plexus-utils:jar:1.5.8
[[1;36mDEBUG[m]   Included: org.apache.maven.plugins:maven-shade-plugin:jar:3.2.4
[[1;36mDEBUG[m]   Included: org.sonatype.sisu:sisu-inject-bean:jar:1.4.2
[[1;36mDEBUG[m]   Included: org.sonatype.sisu:sisu-guice:jar:noaop:2.1.7
[[1;36mDEBUG[m]   Included: org.sonatype.aether:aether-util:jar:1.7
[[1;36mDEBUG[m]   Included: org.codehaus.plexus:plexus-interpolation:jar:1.14
[[1;36mDEBUG[m]   Included: org.codehaus.plexus:plexus-component-annotations:jar:1.5.5
[[1;36mDEBUG[m]   Included: org.sonatype.plexus:plexus-sec-dispatcher:jar:1.3
[[1;36mDEBUG[m]   Included: org.sonatype.plexus:plexus-cipher:jar:1.4
[[1;36mDEBUG[m]   Included: org.apache.maven.shared:maven-artifact-transfer:jar:0.12.0
[[1;36mDEBUG[m]   Included: org.apache.maven.shared:maven-common-artifact-filters:jar:3.0.1
[[1;36mDEBUG[m]   Included: org.apache.maven.shared:maven-shared-utils:jar:3.1.0
[[1;36mDEBUG[m]   Included: commons-codec:commons-codec:jar:1.11
[[1;36mDEBUG[m]   Included: org.ow2.asm:asm:jar:8.0
[[1;36mDEBUG[m]   Included: org.ow2.asm:asm-commons:jar:8.0
[[1;36mDEBUG[m]   Included: org.ow2.asm:asm-tree:jar:8.0
[[1;36mDEBUG[m]   Included: org.ow2.asm:asm-analysis:jar:8.0
[[1;36mDEBUG[m]   Included: org.jdom:jdom2:jar:2.0.6
[[1;36mDEBUG[m]   Included: org.apache.maven.shared:maven-dependency-tree:jar:3.0.1
[[1;36mDEBUG[m]   Included: org.eclipse.aether:aether-util:jar:0.9.0.M2
[[1;36mDEBUG[m]   Included: commons-io:commons-io:jar:2.6
[[1;36mDEBUG[m]   Included: org.vafer:jdependency:jar:2.4.0
[[1;36mDEBUG[m]   Included: org.ow2.asm:asm-util:jar:8.0
[[1;36mDEBUG[m]   Included: com.google.guava:guava:jar:28.2-android
[[1;36mDEBUG[m]   Included: com.google.guava:failureaccess:jar:1.0.1
[[1;36mDEBUG[m]   Included: com.google.guava:listenablefuture:jar:9999.0-empty-to-avoid-conflict-with-guava
[[1;36mDEBUG[m]   Included: org.checkerframework:checker-compat-qual:jar:2.5.5
[[1;36mDEBUG[m]   Included: com.google.errorprone:error_prone_annotations:jar:2.3.4
[[1;36mDEBUG[m]   Included: com.google.j2objc:j2objc-annotations:jar:1.3
[[1;36mDEBUG[m]   Included: org.apache.commons:commons-lang3:jar:3.7
[[1;36mDEBUG[m] Configuring mojo org.springframework.boot:spring-boot-maven-plugin:3.1.4:run from plugin realm ClassRealm[plugin>org.springframework.boot:spring-boot-maven-plugin:3.1.4, parent: jdk.internal.loader.ClassLoaders$AppClassLoader@30946e09]
[[1;36mDEBUG[m] Configuring mojo 'org.springframework.boot:spring-boot-maven-plugin:3.1.4:run' with basic configurator -->
[[1;36mDEBUG[m]   (f) addResources = false
[[1;36mDEBUG[m]   (f) agents = []
[[1;36mDEBUG[m]   (f) classesDirectory = /home/luiggi/tutorias-hexagonal/target/classes
[[1;36mDEBUG[m]   (f) directories = []
[[1;36mDEBUG[m]   (f) excludes = []
[[1;36mDEBUG[m]   (f) includes = []
[[1;36mDEBUG[m]   (f) optimizedLaunch = true
[[1;36mDEBUG[m]   (f) profiles = []
[[1;36mDEBUG[m]   (f) project = MavenProject: com.jcaa.hexagonal:tutorias-hexagonal:0.0.1-SNAPSHOT @ /home/luiggi/tutorias-hexagonal/pom.xml
[[1;36mDEBUG[m]   (f) session = org.apache.maven.execution.MavenSession@8ff5094
[[1;36mDEBUG[m]   (f) skip = false
[[1;36mDEBUG[m]   (f) useTestClasspath = false
[[1;36mDEBUG[m] -- end configuration --
[[1;34mINFO[m] Attaching agents: []
[[1;36mDEBUG[m] JVM argument(s): -XX:TieredStopAtLevel=1
[[1;36mDEBUG[m] Classpath for forked process: /home/luiggi/tutorias-hexagonal/target/classes:/home/luiggi/.m2/repository/org/springframework/boot/spring-boot/3.1.4/spring-boot-3.1.4.jar:/home/luiggi/.m2/repository/org/springframework/boot/spring-boot-autoconfigure/3.1.4/spring-boot-autoconfigure-3.1.4.jar:/home/luiggi/.m2/repository/ch/qos/logback/logback-classic/1.4.11/logback-classic-1.4.11.jar:/home/luiggi/.m2/repository/ch/qos/logback/logback-core/1.4.11/logback-core-1.4.11.jar:/home/luiggi/.m2/repository/org/apache/logging/log4j/log4j-to-slf4j/2.20.0/log4j-to-slf4j-2.20.0.jar:/home/luiggi/.m2/repository/org/apache/logging/log4j/log4j-api/2.20.0/log4j-api-2.20.0.jar:/home/luiggi/.m2/repository/org/slf4j/jul-to-slf4j/2.0.9/jul-to-slf4j-2.0.9.jar:/home/luiggi/.m2/repository/jakarta/annotation/jakarta.annotation-api/2.1.1/jakarta.annotation-api-2.1.1.jar:/home/luiggi/.m2/repository/org/yaml/snakeyaml/1.33/snakeyaml-1.33.jar:/home/luiggi/.m2/repository/com/fasterxml/jackson/datatype/jackson-datatype-jdk8/2.15.2/jackson-datatype-jdk8-2.15.2.jar:/home/luiggi/.m2/repository/com/fasterxml/jackson/datatype/jackson-datatype-jsr310/2.15.2/jackson-datatype-jsr310-2.15.2.jar:/home/luiggi/.m2/repository/com/fasterxml/jackson/module/jackson-module-parameter-names/2.15.2/jackson-module-parameter-names-2.15.2.jar:/home/luiggi/.m2/repository/org/apache/tomcat/embed/tomcat-embed-core/10.1.13/tomcat-embed-core-10.1.13.jar:/home/luiggi/.m2/repository/org/apache/tomcat/embed/tomcat-embed-el/10.1.13/tomcat-embed-el-10.1.13.jar:/home/luiggi/.m2/repository/org/apache/tomcat/embed/tomcat-embed-websocket/10.1.13/tomcat-embed-websocket-10.1.13.jar:/home/luiggi/.m2/repository/org/springframework/spring-web/6.0.12/spring-web-6.0.12.jar:/home/luiggi/.m2/repository/org/springframework/spring-beans/6.0.12/spring-beans-6.0.12.jar:/home/luiggi/.m2/repository/io/micrometer/micrometer-observation/1.11.4/micrometer-observation-1.11.4.jar:/home/luiggi/.m2/repository/io/micrometer/micrometer-commons/1.11.4/micrometer-commons-1.11.4.jar:/home/luiggi/.m2/repository/org/springframework/spring-webmvc/6.0.12/spring-webmvc-6.0.12.jar:/home/luiggi/.m2/repository/org/springframework/spring-context/6.0.12/spring-context-6.0.12.jar:/home/luiggi/.m2/repository/org/springframework/spring-expression/6.0.12/spring-expression-6.0.12.jar:/home/luiggi/.m2/repository/org/aspectj/aspectjweaver/1.9.20/aspectjweaver-1.9.20.jar:/home/luiggi/.m2/repository/com/zaxxer/HikariCP/5.0.1/HikariCP-5.0.1.jar:/home/luiggi/.m2/repository/org/springframework/spring-jdbc/6.0.12/spring-jdbc-6.0.12.jar:/home/luiggi/.m2/repository/org/hibernate/orm/hibernate-core/6.2.9.Final/hibernate-core-6.2.9.Final.jar:/home/luiggi/.m2/repository/jakarta/persistence/jakarta.persistence-api/3.1.0/jakarta.persistence-api-3.1.0.jar:/home/luiggi/.m2/repository/jakarta/transaction/jakarta.transaction-api/2.0.1/jakarta.transaction-api-2.0.1.jar:/home/luiggi/.m2/repository/org/jboss/logging/jboss-logging/3.5.3.Final/jboss-logging-3.5.3.Final.jar:/home/luiggi/.m2/repository/org/hibernate/common/hibernate-commons-annotations/6.0.6.Final/hibernate-commons-annotations-6.0.6.Final.jar:/home/luiggi/.m2/repository/io/smallrye/jandex/3.0.5/jandex-3.0.5.jar:/home/luiggi/.m2/repository/com/fasterxml/classmate/1.5.1/classmate-1.5.1.jar:/home/luiggi/.m2/repository/net/bytebuddy/byte-buddy/1.14.8/byte-buddy-1.14.8.jar:/home/luiggi/.m2/repository/org/glassfish/jaxb/jaxb-runtime/4.0.3/jaxb-runtime-4.0.3.jar:/home/luiggi/.m2/repository/org/glassfish/jaxb/jaxb-core/4.0.3/jaxb-core-4.0.3.jar:/home/luiggi/.m2/repository/org/eclipse/angus/angus-activation/2.0.1/angus-activation-2.0.1.jar:/home/luiggi/.m2/repository/org/glassfish/jaxb/txw2/4.0.3/txw2-4.0.3.jar:/home/luiggi/.m2/repository/com/sun/istack/istack-commons-runtime/4.1.2/istack-commons-runtime-4.1.2.jar:/home/luiggi/.m2/repository/jakarta/inject/jakarta.inject-api/2.0.1/jakarta.inject-api-2.0.1.jar:/home/luiggi/.m2/repository/org/antlr/antlr4-runtime/4.10.1/antlr4-runtime-4.10.1.jar:/home/luiggi/.m2/repository/org/springframework/data/spring-data-jpa/3.1.4/spring-data-jpa-3.1.4.jar:/home/luiggi/.m2/repository/org/springframework/data/spring-data-commons/3.1.4/spring-data-commons-3.1.4.jar:/home/luiggi/.m2/repository/org/springframework/spring-orm/6.0.12/spring-orm-6.0.12.jar:/home/luiggi/.m2/repository/org/springframework/spring-tx/6.0.12/spring-tx-6.0.12.jar:/home/luiggi/.m2/repository/org/slf4j/slf4j-api/2.0.9/slf4j-api-2.0.9.jar:/home/luiggi/.m2/repository/org/springframework/spring-aspects/6.0.12/spring-aspects-6.0.12.jar:/home/luiggi/.m2/repository/org/springframework/spring-aop/6.0.12/spring-aop-6.0.12.jar:/home/luiggi/.m2/repository/org/springframework/security/spring-security-config/6.1.4/spring-security-config-6.1.4.jar:/home/luiggi/.m2/repository/org/springframework/security/spring-security-core/6.1.4/spring-security-core-6.1.4.jar:/home/luiggi/.m2/repository/org/springframework/security/spring-security-crypto/6.1.4/spring-security-crypto-6.1.4.jar:/home/luiggi/.m2/repository/org/springframework/security/spring-security-web/6.1.4/spring-security-web-6.1.4.jar:/home/luiggi/.m2/repository/org/mariadb/jdbc/mariadb-java-client/3.1.4/mariadb-java-client-3.1.4.jar:/home/luiggi/.m2/repository/com/github/waffle/waffle-jna/3.2.0/waffle-jna-3.2.0.jar:/home/luiggi/.m2/repository/net/java/dev/jna/jna/5.12.1/jna-5.12.1.jar:/home/luiggi/.m2/repository/net/java/dev/jna/jna-platform/5.12.1/jna-platform-5.12.1.jar:/home/luiggi/.m2/repository/org/slf4j/jcl-over-slf4j/2.0.9/jcl-over-slf4j-2.0.9.jar:/home/luiggi/.m2/repository/com/github/ben-manes/caffeine/caffeine/3.1.8/caffeine-3.1.8.jar:/home/luiggi/.m2/repository/com/google/errorprone/error_prone_annotations/2.21.1/error_prone_annotations-2.21.1.jar:/home/luiggi/.m2/repository/org/checkerframework/checker-qual/3.23.0/checker-qual-3.23.0.jar:/home/luiggi/.m2/repository/io/jsonwebtoken/jjwt-api/0.11.5/jjwt-api-0.11.5.jar:/home/luiggi/.m2/repository/io/jsonwebtoken/jjwt-impl/0.11.5/jjwt-impl-0.11.5.jar:/home/luiggi/.m2/repository/io/jsonwebtoken/jjwt-jackson/0.11.5/jjwt-jackson-0.11.5.jar:/home/luiggi/.m2/repository/com/fasterxml/jackson/core/jackson-databind/2.15.2/jackson-databind-2.15.2.jar:/home/luiggi/.m2/repository/com/fasterxml/jackson/core/jackson-annotations/2.15.2/jackson-annotations-2.15.2.jar:/home/luiggi/.m2/repository/com/fasterxml/jackson/core/jackson-core/2.15.2/jackson-core-2.15.2.jar:/home/luiggi/.m2/repository/jakarta/validation/jakarta.validation-api/3.0.2/jakarta.validation-api-3.0.2.jar:/home/luiggi/.m2/repository/jakarta/xml/bind/jakarta.xml.bind-api/4.0.1/jakarta.xml.bind-api-4.0.1.jar:/home/luiggi/.m2/repository/jakarta/activation/jakarta.activation-api/2.1.2/jakarta.activation-api-2.1.2.jar:/home/luiggi/.m2/repository/org/springframework/spring-core/6.0.12/spring-core-6.0.12.jar:/home/luiggi/.m2/repository/org/springframework/spring-jcl/6.0.12/spring-jcl-6.0.12.jar
[[1;36mDEBUG[m] Application argument(s): 
[[1;36mDEBUG[m] Environment variable(s): 

  .   ____          _            __ _ _
 /\\ / ___'_ __ _ _(_)_ __  __ _ \ \ \ \
( ( )\___ | '_ | '_| | '_ \/ _` | \ \ \ \
 \\/  ___)| |_)| | | | | || (_| |  ) ) ) )
  '  |____| .__|_| |_|_| |_\__, | / / / /
 =========|_|==============|___/=/_/_/_/
 :: Spring Boot ::                (v3.1.4)

2025-11-23T17:05:43.822-05:00  INFO 73749 --- [           main] c.jcaa.hexagonal.HexagonalApplication    : Starting HexagonalApplication using Java 17.0.16 with PID 73749 (/home/luiggi/tutorias-hexagonal/target/classes started by luiggi in /home/luiggi/tutorias-hexagonal)
2025-11-23T17:05:43.828-05:00  INFO 73749 --- [           main] c.jcaa.hexagonal.HexagonalApplication    : No active profile set, falling back to 1 default profile: "default"
2025-11-23T17:05:44.566-05:00  INFO 73749 --- [           main] .s.d.r.c.RepositoryConfigurationDelegate : Bootstrapping Spring Data JPA repositories in DEFAULT mode.
2025-11-23T17:05:44.642-05:00  INFO 73749 --- [           main] .s.d.r.c.RepositoryConfigurationDelegate : Finished Spring Data repository scanning in 66 ms. Found 4 JPA repository interfaces.
2025-11-23T17:05:45.262-05:00  INFO 73749 --- [           main] o.s.b.w.embedded.tomcat.TomcatWebServer  : Tomcat initialized with port(s): 8080 (http)
2025-11-23T17:05:45.273-05:00  INFO 73749 --- [           main] o.apache.catalina.core.StandardService   : Starting service [Tomcat]
2025-11-23T17:05:45.273-05:00  INFO 73749 --- [           main] o.apache.catalina.core.StandardEngine    : Starting Servlet engine: [Apache Tomcat/10.1.13]
2025-11-23T17:05:45.364-05:00  INFO 73749 --- [           main] o.a.c.c.C.[Tomcat].[localhost].[/]       : Initializing Spring embedded WebApplicationContext
2025-11-23T17:05:45.366-05:00  INFO 73749 --- [           main] w.s.c.ServletWebServerApplicationContext : Root WebApplicationContext: initialization completed in 1458 ms
2025-11-23T17:05:45.517-05:00  INFO 73749 --- [           main] o.hibernate.jpa.internal.util.LogHelper  : HHH000204: Processing PersistenceUnitInfo [name: default]
2025-11-23T17:05:45.563-05:00  INFO 73749 --- [           main] org.hibernate.Version                    : HHH000412: Hibernate ORM core version 6.2.9.Final
2025-11-23T17:05:45.565-05:00  INFO 73749 --- [           main] org.hibernate.cfg.Environment            : HHH000406: Using bytecode reflection optimizer
2025-11-23T17:05:45.698-05:00  INFO 73749 --- [           main] o.h.b.i.BytecodeProviderInitiator        : HHH000021: Bytecode provider name : bytebuddy
2025-11-23T17:05:45.810-05:00  INFO 73749 --- [           main] o.s.o.j.p.SpringPersistenceUnitInfo      : No LoadTimeWeaver setup: ignoring JPA class transformer
2025-11-23T17:05:45.825-05:00  INFO 73749 --- [           main] com.zaxxer.hikari.HikariDataSource       : HikariPool-1 - Starting...
2025-11-23T17:05:45.912-05:00  INFO 73749 --- [           main] com.zaxxer.hikari.pool.HikariPool        : HikariPool-1 - Added connection org.mariadb.jdbc.Connection@29bbc63c
2025-11-23T17:05:45.914-05:00  INFO 73749 --- [           main] com.zaxxer.hikari.HikariDataSource       : HikariPool-1 - Start completed.
2025-11-23T17:05:46.160-05:00  INFO 73749 --- [           main] o.h.b.i.BytecodeProviderInitiator        : HHH000021: Bytecode provider name : bytebuddy
2025-11-23T17:05:46.793-05:00  INFO 73749 --- [           main] o.h.e.t.j.p.i.JtaPlatformInitiator       : HHH000490: Using JtaPlatform implementation: [org.hibernate.engine.transaction.jta.platform.internal.NoJtaPlatform]
2025-11-23T17:05:46.830-05:00  INFO 73749 --- [           main] j.LocalContainerEntityManagerFactoryBean : Initialized JPA EntityManagerFactory for persistence unit 'default'
2025-11-23T17:05:47.055-05:00  WARN 73749 --- [           main] ocalVariableTableParameterNameDiscoverer : Using deprecated '-debug' fallback for parameter name resolution. Compile the affected code with '-parameters' instead or avoid its introspection: com.jcaa.hexagonal.adapter.databases.sql.repository.UserRepository
2025-11-23T17:05:47.162-05:00  WARN 73749 --- [           main] ocalVariableTableParameterNameDiscoverer : Using deprecated '-debug' fallback for parameter name resolution. Compile the affected code with '-parameters' instead or avoid its introspection: com.jcaa.hexagonal.adapter.databases.sql.repository.PasswordResetRepository
2025-11-23T17:05:47.173-05:00  WARN 73749 --- [           main] ConfigServletWebServerApplicationContext : Exception encountered during context initialization - cancelling refresh attempt: org.springframework.beans.factory.UnsatisfiedDependencyException: Error creating bean with name 'securityConfig' defined in file [/home/luiggi/tutorias-hexagonal/target/classes/com/jcaa/hexagonal/config/SecurityConfig.class]: Unsatisfied dependency expressed through constructor parameter 0: Error creating bean with name 'authService' defined in file [/home/luiggi/tutorias-hexagonal/target/classes/com/jcaa/hexagonal/core/service/AuthService.class]: Failed to instantiate [com.jcaa.hexagonal.core.service.AuthService]: Constructor threw exception
2025-11-23T17:05:47.174-05:00  INFO 73749 --- [           main] j.LocalContainerEntityManagerFactoryBean : Closing JPA EntityManagerFactory for persistence unit 'default'
2025-11-23T17:05:47.177-05:00  INFO 73749 --- [           main] com.zaxxer.hikari.HikariDataSource       : HikariPool-1 - Shutdown initiated...
2025-11-23T17:05:47.181-05:00  INFO 73749 --- [           main] com.zaxxer.hikari.HikariDataSource       : HikariPool-1 - Shutdown completed.
2025-11-23T17:05:47.182-05:00  INFO 73749 --- [           main] o.apache.catalina.core.StandardService   : Stopping service [Tomcat]
2025-11-23T17:05:47.195-05:00  INFO 73749 --- [           main] .s.b.a.l.ConditionEvaluationReportLogger : 

Error starting ApplicationContext. To display the condition evaluation report re-run your application with 'debug' enabled.
2025-11-23T17:05:47.210-05:00 ERROR 73749 --- [           main] o.s.boot.SpringApplication               : Application run failed

org.springframework.beans.factory.UnsatisfiedDependencyException: Error creating bean with name 'securityConfig' defined in file [/home/luiggi/tutorias-hexagonal/target/classes/com/jcaa/hexagonal/config/SecurityConfig.class]: Unsatisfied dependency expressed through constructor parameter 0: Error creating bean with name 'authService' defined in file [/home/luiggi/tutorias-hexagonal/target/classes/com/jcaa/hexagonal/core/service/AuthService.class]: Failed to instantiate [com.jcaa.hexagonal.core.service.AuthService]: Constructor threw exception
	at org.springframework.beans.factory.support.ConstructorResolver.createArgumentArray(ConstructorResolver.java:801) ~[spring-beans-6.0.12.jar:6.0.12]
	at org.springframework.beans.factory.support.ConstructorResolver.autowireConstructor(ConstructorResolver.java:240) ~[spring-beans-6.0.12.jar:6.0.12]
	at org.springframework.beans.factory.support.AbstractAutowireCapableBeanFactory.autowireConstructor(AbstractAutowireCapableBeanFactory.java:1352) ~[spring-beans-6.0.12.jar:6.0.12]
	at org.springframework.beans.factory.support.AbstractAutowireCapableBeanFactory.createBeanInstance(AbstractAutowireCapableBeanFactory.java:1189) ~[spring-beans-6.0.12.jar:6.0.12]
	at org.springframework.beans.factory.support.AbstractAutowireCapableBeanFactory.doCreateBean(AbstractAutowireCapableBeanFactory.java:560) ~[spring-beans-6.0.12.jar:6.0.12]
	at org.springframework.beans.factory.support.AbstractAutowireCapableBeanFactory.createBean(AbstractAutowireCapableBeanFactory.java:520) ~[spring-beans-6.0.12.jar:6.0.12]
	at org.springframework.beans.factory.support.AbstractBeanFactory.lambda$doGetBean$0(AbstractBeanFactory.java:325) ~[spring-beans-6.0.12.jar:6.0.12]
	at org.springframework.beans.factory.support.DefaultSingletonBeanRegistry.getSingleton(DefaultSingletonBeanRegistry.java:234) ~[spring-beans-6.0.12.jar:6.0.12]
	at org.springframework.beans.factory.support.AbstractBeanFactory.doGetBean(AbstractBeanFactory.java:323) ~[spring-beans-6.0.12.jar:6.0.12]
	at org.springframework.beans.factory.support.AbstractBeanFactory.getBean(AbstractBeanFactory.java:199) ~[spring-beans-6.0.12.jar:6.0.12]
	at org.springframework.beans.factory.support.DefaultListableBeanFactory.preInstantiateSingletons(DefaultListableBeanFactory.java:973) ~[spring-beans-6.0.12.jar:6.0.12]
	at org.springframework.context.support.AbstractApplicationContext.finishBeanFactoryInitialization(AbstractApplicationContext.java:942) ~[spring-context-6.0.12.jar:6.0.12]
	at org.springframework.context.support.AbstractApplicationContext.refresh(AbstractApplicationContext.java:608) ~[spring-context-6.0.12.jar:6.0.12]
	at org.springframework.boot.web.servlet.context.ServletWebServerApplicationContext.refresh(ServletWebServerApplicationContext.java:146) ~[spring-boot-3.1.4.jar:3.1.4]
	at org.springframework.boot.SpringApplication.refresh(SpringApplication.java:737) ~[spring-boot-3.1.4.jar:3.1.4]
	at org.springframework.boot.SpringApplication.refreshContext(SpringApplication.java:439) ~[spring-boot-3.1.4.jar:3.1.4]
	at org.springframework.boot.SpringApplication.run(SpringApplication.java:315) ~[spring-boot-3.1.4.jar:3.1.4]
	at org.springframework.boot.SpringApplication.run(SpringApplication.java:1309) ~[spring-boot-3.1.4.jar:3.1.4]
	at org.springframework.boot.SpringApplication.run(SpringApplication.java:1298) ~[spring-boot-3.1.4.jar:3.1.4]
	at com.jcaa.hexagonal.HexagonalApplication.main(HexagonalApplication.java:9) ~[classes/:na]
Caused by: org.springframework.beans.factory.BeanCreationException: Error creating bean with name 'authService' defined in file [/home/luiggi/tutorias-hexagonal/target/classes/com/jcaa/hexagonal/core/service/AuthService.class]: Failed to instantiate [com.jcaa.hexagonal.core.service.AuthService]: Constructor threw exception
	at org.springframework.beans.factory.support.ConstructorResolver.instantiate(ConstructorResolver.java:321) ~[spring-beans-6.0.12.jar:6.0.12]
	at org.springframework.beans.factory.support.ConstructorResolver.autowireConstructor(ConstructorResolver.java:309) ~[spring-beans-6.0.12.jar:6.0.12]
	at org.springframework.beans.factory.support.AbstractAutowireCapableBeanFactory.autowireConstructor(AbstractAutowireCapableBeanFactory.java:1352) ~[spring-beans-6.0.12.jar:6.0.12]
	at org.springframework.beans.factory.support.AbstractAutowireCapableBeanFactory.createBeanInstance(AbstractAutowireCapableBeanFactory.java:1189) ~[spring-beans-6.0.12.jar:6.0.12]
	at org.springframework.beans.factory.support.AbstractAutowireCapableBeanFactory.doCreateBean(AbstractAutowireCapableBeanFactory.java:560) ~[spring-beans-6.0.12.jar:6.0.12]
	at org.springframework.beans.factory.support.AbstractAutowireCapableBeanFactory.createBean(AbstractAutowireCapableBeanFactory.java:520) ~[spring-beans-6.0.12.jar:6.0.12]
	at org.springframework.beans.factory.support.AbstractBeanFactory.lambda$doGetBean$0(AbstractBeanFactory.java:325) ~[spring-beans-6.0.12.jar:6.0.12]
	at org.springframework.beans.factory.support.DefaultSingletonBeanRegistry.getSingleton(DefaultSingletonBeanRegistry.java:234) ~[spring-beans-6.0.12.jar:6.0.12]
	at org.springframework.beans.factory.support.AbstractBeanFactory.doGetBean(AbstractBeanFactory.java:323) ~[spring-beans-6.0.12.jar:6.0.12]
	at org.springframework.beans.factory.support.AbstractBeanFactory.getBean(AbstractBeanFactory.java:199) ~[spring-beans-6.0.12.jar:6.0.12]
	at org.springframework.beans.factory.config.DependencyDescriptor.resolveCandidate(DependencyDescriptor.java:254) ~[spring-beans-6.0.12.jar:6.0.12]
	at org.springframework.beans.factory.support.DefaultListableBeanFactory.doResolveDependency(DefaultListableBeanFactory.java:1417) ~[spring-beans-6.0.12.jar:6.0.12]
	at org.springframework.beans.factory.support.DefaultListableBeanFactory.resolveDependency(DefaultListableBeanFactory.java:1337) ~[spring-beans-6.0.12.jar:6.0.12]
	at org.springframework.beans.factory.support.ConstructorResolver.resolveAutowiredArgument(ConstructorResolver.java:910) ~[spring-beans-6.0.12.jar:6.0.12]
	at org.springframework.beans.factory.support.ConstructorResolver.createArgumentArray(ConstructorResolver.java:788) ~[spring-beans-6.0.12.jar:6.0.12]
	... 19 common frames omitted
Caused by: org.springframework.beans.BeanInstantiationException: Failed to instantiate [com.jcaa.hexagonal.core.service.AuthService]: Constructor threw exception
	at org.springframework.beans.BeanUtils.instantiateClass(BeanUtils.java:224) ~[spring-beans-6.0.12.jar:6.0.12]
	at org.springframework.beans.factory.support.SimpleInstantiationStrategy.instantiate(SimpleInstantiationStrategy.java:110) ~[spring-beans-6.0.12.jar:6.0.12]
	at org.springframework.beans.factory.support.ConstructorResolver.instantiate(ConstructorResolver.java:318) ~[spring-beans-6.0.12.jar:6.0.12]
	... 33 common frames omitted
Caused by: io.jsonwebtoken.security.WeakKeyException: The specified key byte array is 248 bits which is not secure enough for any JWT HMAC-SHA algorithm.  The JWT JWA Specification (RFC 7518, Section 3.2) states that keys used with HMAC-SHA algorithms MUST have a size >= 256 bits (the key size must be greater than or equal to the hash output size).  Consider using the io.jsonwebtoken.security.Keys#secretKeyFor(SignatureAlgorithm) method to create a key guaranteed to be secure enough for your preferred HMAC-SHA algorithm.  See https://tools.ietf.org/html/rfc7518#section-3.2 for more information.
	at io.jsonwebtoken.security.Keys.hmacShaKeyFor(Keys.java:96) ~[jjwt-api-0.11.5.jar:0.11.5]
	at com.jcaa.hexagonal.core.service.AuthService.<init>(AuthService.java:31) ~[classes/:na]
	at java.base/jdk.internal.reflect.NativeConstructorAccessorImpl.newInstance0(Native Method) ~[na:na]
	at java.base/jdk.internal.reflect.NativeConstructorAccessorImpl.newInstance(NativeConstructorAccessorImpl.java:77) ~[na:na]
	at java.base/jdk.internal.reflect.DelegatingConstructorAccessorImpl.newInstance(DelegatingConstructorAccessorImpl.java:45) ~[na:na]
	at java.base/java.lang.reflect.Constructor.newInstanceWithCaller(Constructor.java:500) ~[na:na]
	at java.base/java.lang.reflect.Constructor.newInstance(Constructor.java:481) ~[na:na]
	at org.springframework.beans.BeanUtils.instantiateClass(BeanUtils.java:211) ~[spring-beans-6.0.12.jar:6.0.12]
	... 35 common frames omitted

[[1;34mINFO[m] [1m------------------------------------------------------------------------[m
[[1;34mINFO[m] [1;31mBUILD FAILURE[m
[[1;34mINFO[m] [1m------------------------------------------------------------------------[m
[[1;34mINFO[m] Total time:  7.133 s
[[1;34mINFO[m] Finished at: 2025-11-23T17:05:47-05:00
[[1;34mINFO[m] [1m------------------------------------------------------------------------[m
[[1;31mERROR[m] Failed to execute goal [32morg.springframework.boot:spring-boot-maven-plugin:3.1.4:run[m [1m(default-cli)[m on project [36mtutorias-hexagonal[m: [1;31mProcess terminated with exit code: 1[m -> [1m[Help 1][m
[1;31morg.apache.maven.lifecycle.LifecycleExecutionException[m: [1;31mFailed to execute goal [32morg.springframework.boot:spring-boot-maven-plugin:3.1.4:run[m [1m(default-cli)[m on project [36mtutorias-hexagonal[m: [1;31mProcess terminated with exit code: 1[m[m
    [1mat[m org.apache.maven.lifecycle.internal.MojoExecutor.execute ([1mMojoExecutor.java:215[m)
    [1mat[m org.apache.maven.lifecycle.internal.MojoExecutor.execute ([1mMojoExecutor.java:156[m)
    [1mat[m org.apache.maven.lifecycle.internal.MojoExecutor.execute ([1mMojoExecutor.java:148[m)
    [1mat[m org.apache.maven.lifecycle.internal.LifecycleModuleBuilder.buildProject ([1mLifecycleModuleBuilder.java:117[m)
    [1mat[m org.apache.maven.lifecycle.internal.LifecycleModuleBuilder.buildProject ([1mLifecycleModuleBuilder.java:81[m)
    [1mat[m org.apache.maven.lifecycle.internal.builder.singlethreaded.SingleThreadedBuilder.build ([1mSingleThreadedBuilder.java:56[m)
    [1mat[m org.apache.maven.lifecycle.internal.LifecycleStarter.execute ([1mLifecycleStarter.java:128[m)
    [1mat[m org.apache.maven.DefaultMaven.doExecute ([1mDefaultMaven.java:305[m)
    [1mat[m org.apache.maven.DefaultMaven.doExecute ([1mDefaultMaven.java:192[m)
    [1mat[m org.apache.maven.DefaultMaven.execute ([1mDefaultMaven.java:105[m)
    [1mat[m org.apache.maven.cli.MavenCli.execute ([1mMavenCli.java:957[m)
    [1mat[m org.apache.maven.cli.MavenCli.doMain ([1mMavenCli.java:289[m)
    [1mat[m org.apache.maven.cli.MavenCli.main ([1mMavenCli.java:193[m)
    [1mat[m jdk.internal.reflect.NativeMethodAccessorImpl.invoke0 ([1mNative Method[m)
    [1mat[m jdk.internal.reflect.NativeMethodAccessorImpl.invoke ([1mNativeMethodAccessorImpl.java:77[m)
    [1mat[m jdk.internal.reflect.DelegatingMethodAccessorImpl.invoke ([1mDelegatingMethodAccessorImpl.java:43[m)
    [1mat[m java.lang.reflect.Method.invoke ([1mMethod.java:569[m)
    [1mat[m org.codehaus.plexus.classworlds.launcher.Launcher.launchEnhanced ([1mLauncher.java:282[m)
    [1mat[m org.codehaus.plexus.classworlds.launcher.Launcher.launch ([1mLauncher.java:225[m)
    [1mat[m org.codehaus.plexus.classworlds.launcher.Launcher.mainWithExitCode ([1mLauncher.java:406[m)
    [1mat[m org.codehaus.plexus.classworlds.launcher.Launcher.main ([1mLauncher.java:347[m)
[1mCaused by[m: org.apache.maven.plugin.MojoExecutionException: [1;31mProcess terminated with exit code: 1[m
    [1mat[m org.springframework.boot.maven.JavaProcessExecutor.run ([1mJavaProcessExecutor.java:74[m)
    [1mat[m org.springframework.boot.maven.RunMojo.run ([1mRunMojo.java:76[m)
    [1mat[m org.springframework.boot.maven.AbstractRunMojo.run ([1mAbstractRunMojo.java:229[m)
    [1mat[m org.springframework.boot.maven.AbstractRunMojo.execute ([1mAbstractRunMojo.java:196[m)
    [1mat[m org.apache.maven.plugin.DefaultBuildPluginManager.executeMojo ([1mDefaultBuildPluginManager.java:137[m)
    [1mat[m org.apache.maven.lifecycle.internal.MojoExecutor.execute ([1mMojoExecutor.java:210[m)
    [1mat[m org.apache.maven.lifecycle.internal.MojoExecutor.execute ([1mMojoExecutor.java:156[m)
    [1mat[m org.apache.maven.lifecycle.internal.MojoExecutor.execute ([1mMojoExecutor.java:148[m)
    [1mat[m org.apache.maven.lifecycle.internal.LifecycleModuleBuilder.buildProject ([1mLifecycleModuleBuilder.java:117[m)
    [1mat[m org.apache.maven.lifecycle.internal.LifecycleModuleBuilder.buildProject ([1mLifecycleModuleBuilder.java:81[m)
    [1mat[m org.apache.maven.lifecycle.internal.builder.singlethreaded.SingleThreadedBuilder.build ([1mSingleThreadedBuilder.java:56[m)
    [1mat[m org.apache.maven.lifecycle.internal.LifecycleStarter.execute ([1mLifecycleStarter.java:128[m)
    [1mat[m org.apache.maven.DefaultMaven.doExecute ([1mDefaultMaven.java:305[m)
    [1mat[m org.apache.maven.DefaultMaven.doExecute ([1mDefaultMaven.java:192[m)
    [1mat[m org.apache.maven.DefaultMaven.execute ([1mDefaultMaven.java:105[m)
    [1mat[m org.apache.maven.cli.MavenCli.execute ([1mMavenCli.java:957[m)
    [1mat[m org.apache.maven.cli.MavenCli.doMain ([1mMavenCli.java:289[m)
    [1mat[m org.apache.maven.cli.MavenCli.main ([1mMavenCli.java:193[m)
    [1mat[m jdk.internal.reflect.NativeMethodAccessorImpl.invoke0 ([1mNative Method[m)
    [1mat[m jdk.internal.reflect.NativeMethodAccessorImpl.invoke ([1mNativeMethodAccessorImpl.java:77[m)
    [1mat[m jdk.internal.reflect.DelegatingMethodAccessorImpl.invoke ([1mDelegatingMethodAccessorImpl.java:43[m)
    [1mat[m java.lang.reflect.Method.invoke ([1mMethod.java:569[m)
    [1mat[m org.codehaus.plexus.classworlds.launcher.Launcher.launchEnhanced ([1mLauncher.java:282[m)
    [1mat[m org.codehaus.plexus.classworlds.launcher.Launcher.launch ([1mLauncher.java:225[m)
    [1mat[m org.codehaus.plexus.classworlds.launcher.Launcher.mainWithExitCode ([1mLauncher.java:406[m)
    [1mat[m org.codehaus.plexus.classworlds.launcher.Launcher.main ([1mLauncher.java:347[m)
[[1;31mERROR[m] 
[[1;31mERROR[m] 
[[1;31mERROR[m] For more information about the errors and possible solutions, please read the following articles:
[[1;31mERROR[m] [1m[Help 1][m http://cwiki.apache.org/confluence/display/MAVEN/MojoExecutionException
